--------------------------------------------------------
--  파일이 생성됨 - 월요일-6월-08-2026   
--------------------------------------------------------
--------------------------------------------------------
--  DDL for Table BOOKMARKS
--------------------------------------------------------

  CREATE TABLE "SYSTEM"."BOOKMARKS" 
   (	"BOOKMARK_ID" NUMBER GENERATED ALWAYS AS IDENTITY MINVALUE 1 MAXVALUE 9999999999999999999999999999 INCREMENT BY 1 START WITH 1 CACHE 20 NOORDER  NOCYCLE  NOKEEP  NOSCALE , 
	"POST_ID" NUMBER, 
	"USER_ID" NUMBER, 
	"CREATED_AT" DATE DEFAULT SYSDATE
   ) PCTFREE 10 PCTUSED 40 INITRANS 1 MAXTRANS 255 
 NOCOMPRESS LOGGING
  STORAGE(INITIAL 65536 NEXT 1048576 MINEXTENTS 1 MAXEXTENTS 2147483645
  PCTINCREASE 0 FREELISTS 1 FREELIST GROUPS 1
  BUFFER_POOL DEFAULT FLASH_CACHE DEFAULT CELL_FLASH_CACHE DEFAULT)
  TABLESPACE "SYSTEM" ;
--------------------------------------------------------
--  DDL for Table AUTH_TOKENS
--------------------------------------------------------

  CREATE TABLE "SYSTEM"."AUTH_TOKENS" 
   (	"TOKEN_ID" NUMBER, 
	"USER_ID" NUMBER, 
	"DEVICE_ID" VARCHAR2(100 BYTE), 
	"REFRESH_TOKEN" VARCHAR2(500 BYTE), 
	"EXPIRES_AT" DATE
   ) PCTFREE 10 PCTUSED 40 INITRANS 1 MAXTRANS 255 
 NOCOMPRESS LOGGING
  STORAGE(INITIAL 65536 NEXT 1048576 MINEXTENTS 1 MAXEXTENTS 2147483645
  PCTINCREASE 0 FREELISTS 1 FREELIST GROUPS 1
  BUFFER_POOL DEFAULT FLASH_CACHE DEFAULT CELL_FLASH_CACHE DEFAULT)
  TABLESPACE "SYSTEM" ;
--------------------------------------------------------
--  DDL for Table CHAT_MESSAGE_DELETES
--------------------------------------------------------

  CREATE TABLE "SYSTEM"."CHAT_MESSAGE_DELETES" 
   (	"MESSAGE_ID" NUMBER, 
	"USER_ID" NUMBER, 
	"DELETED_AT" DATE DEFAULT SYSDATE
   ) PCTFREE 10 PCTUSED 40 INITRANS 1 MAXTRANS 255 
 NOCOMPRESS LOGGING
  STORAGE(INITIAL 65536 NEXT 1048576 MINEXTENTS 1 MAXEXTENTS 2147483645
  PCTINCREASE 0 FREELISTS 1 FREELIST GROUPS 1
  BUFFER_POOL DEFAULT FLASH_CACHE DEFAULT CELL_FLASH_CACHE DEFAULT)
  TABLESPACE "SYSTEM" ;
--------------------------------------------------------
--  DDL for Table BAD_WORDS
--------------------------------------------------------

  CREATE TABLE "SYSTEM"."BAD_WORDS" 
   (	"WORD_ID" NUMBER, 
	"BANNED_WORD" VARCHAR2(100 BYTE), 
	"REPLACE_WORD" VARCHAR2(100 BYTE) DEFAULT '***', 
	"CREATED_AT" DATE DEFAULT SYSDATE
   ) PCTFREE 10 PCTUSED 40 INITRANS 1 MAXTRANS 255 
 NOCOMPRESS LOGGING
  STORAGE(INITIAL 65536 NEXT 1048576 MINEXTENTS 1 MAXEXTENTS 2147483645
  PCTINCREASE 0 FREELISTS 1 FREELIST GROUPS 1
  BUFFER_POOL DEFAULT FLASH_CACHE DEFAULT CELL_FLASH_CACHE DEFAULT)
  TABLESPACE "SYSTEM" ;
--------------------------------------------------------
--  DDL for Table CHAT_MEMBER_SETTINGS
--------------------------------------------------------

  CREATE TABLE "SYSTEM"."CHAT_MEMBER_SETTINGS" 
   (	"ROOM_ID" NUMBER, 
	"USER_ID" NUMBER, 
	"IS_MUTED" CHAR(1 BYTE) DEFAULT 'N'
   ) PCTFREE 10 PCTUSED 40 INITRANS 1 MAXTRANS 255 
 NOCOMPRESS LOGGING
  STORAGE(INITIAL 65536 NEXT 1048576 MINEXTENTS 1 MAXEXTENTS 2147483645
  PCTINCREASE 0 FREELISTS 1 FREELIST GROUPS 1
  BUFFER_POOL DEFAULT FLASH_CACHE DEFAULT CELL_FLASH_CACHE DEFAULT)
  TABLESPACE "SYSTEM" ;
--------------------------------------------------------
--  DDL for Table BLOCKS
--------------------------------------------------------

  CREATE TABLE "SYSTEM"."BLOCKS" 
   (	"BLOCK_ID" NUMBER, 
	"BLOCKER_ID" NUMBER, 
	"BLOCKED_ID" NUMBER, 
	"CREATED_AT" DATE DEFAULT SYSDATE
   ) PCTFREE 10 PCTUSED 40 INITRANS 1 MAXTRANS 255 
 NOCOMPRESS LOGGING
  STORAGE(INITIAL 65536 NEXT 1048576 MINEXTENTS 1 MAXEXTENTS 2147483645
  PCTINCREASE 0 FREELISTS 1 FREELIST GROUPS 1
  BUFFER_POOL DEFAULT FLASH_CACHE DEFAULT CELL_FLASH_CACHE DEFAULT)
  TABLESPACE "SYSTEM" ;
--------------------------------------------------------
--  DDL for Table CHAT_MEMBERS
--------------------------------------------------------

  CREATE TABLE "SYSTEM"."CHAT_MEMBERS" 
   (	"ROOM_ID" NUMBER, 
	"USER_ID" NUMBER, 
	"JOINED_AT" DATE DEFAULT SYSDATE, 
	"LAST_READ_AT" DATE, 
	"IS_HIDDEN" CHAR(1 BYTE) DEFAULT 'N'
   ) PCTFREE 10 PCTUSED 40 INITRANS 1 MAXTRANS 255 
 NOCOMPRESS LOGGING
  STORAGE(INITIAL 65536 NEXT 1048576 MINEXTENTS 1 MAXEXTENTS 2147483645
  PCTINCREASE 0 FREELISTS 1 FREELIST GROUPS 1
  BUFFER_POOL DEFAULT FLASH_CACHE DEFAULT CELL_FLASH_CACHE DEFAULT)
  TABLESPACE "SYSTEM" ;
--------------------------------------------------------
--  DDL for Table ATTACHED_FILES
--------------------------------------------------------

  CREATE TABLE "SYSTEM"."ATTACHED_FILES" 
   (	"FILE_ID" NUMBER, 
	"USER_ID" NUMBER, 
	"TARGET_TYPE" VARCHAR2(50 BYTE), 
	"TARGET_ID" NUMBER, 
	"FILE_URL" VARCHAR2(1000 BYTE)
   ) PCTFREE 10 PCTUSED 40 INITRANS 1 MAXTRANS 255 
 NOCOMPRESS LOGGING
  STORAGE(INITIAL 65536 NEXT 1048576 MINEXTENTS 1 MAXEXTENTS 2147483645
  PCTINCREASE 0 FREELISTS 1 FREELIST GROUPS 1
  BUFFER_POOL DEFAULT FLASH_CACHE DEFAULT CELL_FLASH_CACHE DEFAULT)
  TABLESPACE "SYSTEM" ;
--------------------------------------------------------
--  DDL for Table CATEGORIES
--------------------------------------------------------

  CREATE TABLE "SYSTEM"."CATEGORIES" 
   (	"CATEGORY_ID" NUMBER, 
	"CATEGORY_NAME" VARCHAR2(50 BYTE), 
	"DISPLAY_ORDER" NUMBER
   ) PCTFREE 10 PCTUSED 40 INITRANS 1 MAXTRANS 255 
 NOCOMPRESS LOGGING
  STORAGE(INITIAL 65536 NEXT 1048576 MINEXTENTS 1 MAXEXTENTS 2147483645
  PCTINCREASE 0 FREELISTS 1 FREELIST GROUPS 1
  BUFFER_POOL DEFAULT FLASH_CACHE DEFAULT CELL_FLASH_CACHE DEFAULT)
  TABLESPACE "SYSTEM" ;
--------------------------------------------------------
--  DDL for Table AI_ANSWERS
--------------------------------------------------------

  CREATE TABLE "SYSTEM"."AI_ANSWERS" 
   (	"ANSWER_ID" NUMBER GENERATED ALWAYS AS IDENTITY MINVALUE 1 MAXVALUE 9999999999999999999999999999 INCREMENT BY 1 START WITH 1 CACHE 20 NOORDER  NOCYCLE  NOKEEP  NOSCALE , 
	"POST_ID" NUMBER, 
	"ANSWER" CLOB, 
	"CREATED_AT" DATE DEFAULT SYSDATE, 
	"UPDATED_AT" DATE DEFAULT SYSDATE
   ) PCTFREE 10 PCTUSED 40 INITRANS 1 MAXTRANS 255 
 NOCOMPRESS LOGGING
  STORAGE(INITIAL 65536 NEXT 1048576 MINEXTENTS 1 MAXEXTENTS 2147483645
  PCTINCREASE 0 FREELISTS 1 FREELIST GROUPS 1
  BUFFER_POOL DEFAULT FLASH_CACHE DEFAULT CELL_FLASH_CACHE DEFAULT)
  TABLESPACE "SYSTEM" 
 LOB ("ANSWER") STORE AS BASICFILE (
  TABLESPACE "SYSTEM" ENABLE STORAGE IN ROW 4000 CHUNK 8192 RETENTION 
  NOCACHE LOGGING 
  STORAGE(INITIAL 65536 NEXT 1048576 MINEXTENTS 1 MAXEXTENTS 2147483645
  PCTINCREASE 0 FREELISTS 1 FREELIST GROUPS 1
  BUFFER_POOL DEFAULT FLASH_CACHE DEFAULT CELL_FLASH_CACHE DEFAULT)) ;
--------------------------------------------------------
--  DDL for Table CHAT_MESSAGES
--------------------------------------------------------

  CREATE TABLE "SYSTEM"."CHAT_MESSAGES" 
   (	"MESSAGE_ID" NUMBER, 
	"ROOM_ID" NUMBER, 
	"SENDER_ID" NUMBER, 
	"MESSAGE" VARCHAR2(4000 BYTE) DEFAULT ' ', 
	"IS_READ" VARCHAR2(1 BYTE) DEFAULT 'N', 
	"IS_DELETED" VARCHAR2(1 BYTE) DEFAULT 'N', 
	"DEL_USER_ID" NUMBER, 
	"SENT_AT" DATE DEFAULT SYSDATE, 
	"IS_EDITED" VARCHAR2(1 BYTE) DEFAULT 'N', 
	"IMAGE_URL" VARCHAR2(500 BYTE), 
	"IS_SYSTEM" VARCHAR2(1 BYTE) DEFAULT 'N', 
	"IS_EMOTICON" VARCHAR2(1 BYTE) DEFAULT 'N'
   ) PCTFREE 10 PCTUSED 40 INITRANS 1 MAXTRANS 255 
 NOCOMPRESS LOGGING
  STORAGE(INITIAL 65536 NEXT 1048576 MINEXTENTS 1 MAXEXTENTS 2147483645
  PCTINCREASE 0 FREELISTS 1 FREELIST GROUPS 1
  BUFFER_POOL DEFAULT FLASH_CACHE DEFAULT CELL_FLASH_CACHE DEFAULT)
  TABLESPACE "SYSTEM" ;
--------------------------------------------------------
--  DDL for Table CHAT_REACTIONS
--------------------------------------------------------

  CREATE TABLE "SYSTEM"."CHAT_REACTIONS" 
   (	"REACTION_ID" NUMBER, 
	"MESSAGE_ID" NUMBER, 
	"ROOM_ID" NUMBER, 
	"USER_ID" NUMBER, 
	"EMOJI" VARCHAR2(10 BYTE), 
	"CREATED_AT" DATE DEFAULT SYSDATE
   ) PCTFREE 10 PCTUSED 40 INITRANS 1 MAXTRANS 255 
 NOCOMPRESS LOGGING
  STORAGE(INITIAL 65536 NEXT 1048576 MINEXTENTS 1 MAXEXTENTS 2147483645
  PCTINCREASE 0 FREELISTS 1 FREELIST GROUPS 1
  BUFFER_POOL DEFAULT FLASH_CACHE DEFAULT CELL_FLASH_CACHE DEFAULT)
  TABLESPACE "SYSTEM" ;
--------------------------------------------------------
--  DDL for Table CHAT_ROOM_SETTINGS
--------------------------------------------------------

  CREATE TABLE "SYSTEM"."CHAT_ROOM_SETTINGS" 
   (	"ROOM_ID" NUMBER, 
	"BG_COLOR" VARCHAR2(20 BYTE) DEFAULT '#F8FAFC', 
	"BUBBLE_STYLE" VARCHAR2(20 BYTE) DEFAULT 'rounded', 
	"UPDATED_AT" TIMESTAMP (6)
   ) PCTFREE 10 PCTUSED 40 INITRANS 1 MAXTRANS 255 
 NOCOMPRESS LOGGING
  STORAGE(INITIAL 65536 NEXT 1048576 MINEXTENTS 1 MAXEXTENTS 2147483645
  PCTINCREASE 0 FREELISTS 1 FREELIST GROUPS 1
  BUFFER_POOL DEFAULT FLASH_CACHE DEFAULT CELL_FLASH_CACHE DEFAULT)
  TABLESPACE "SYSTEM" ;
--------------------------------------------------------
--  DDL for Table CHAT_ROOMS
--------------------------------------------------------

  CREATE TABLE "SYSTEM"."CHAT_ROOMS" 
   (	"ROOM_ID" NUMBER, 
	"ROOM_TYPE" VARCHAR2(20 BYTE), 
	"ROOM_NAME" VARCHAR2(100 BYTE), 
	"CREATED_AT" DATE DEFAULT SYSDATE, 
	"ROOM_IMAGE" VARCHAR2(500 BYTE)
   ) PCTFREE 10 PCTUSED 40 INITRANS 1 MAXTRANS 255 
 NOCOMPRESS LOGGING
  STORAGE(INITIAL 65536 NEXT 1048576 MINEXTENTS 1 MAXEXTENTS 2147483645
  PCTINCREASE 0 FREELISTS 1 FREELIST GROUPS 1
  BUFFER_POOL DEFAULT FLASH_CACHE DEFAULT CELL_FLASH_CACHE DEFAULT)
  TABLESPACE "SYSTEM" ;
--------------------------------------------------------
--  DDL for Table COMMENT_LIKES
--------------------------------------------------------

  CREATE TABLE "SYSTEM"."COMMENT_LIKES" 
   (	"COMMENT_ID" NUMBER, 
	"USER_ID" NUMBER, 
	"CREATED_AT" DATE DEFAULT SYSDATE
   ) PCTFREE 10 PCTUSED 40 INITRANS 1 MAXTRANS 255 
 NOCOMPRESS LOGGING
  STORAGE(INITIAL 65536 NEXT 1048576 MINEXTENTS 1 MAXEXTENTS 2147483645
  PCTINCREASE 0 FREELISTS 1 FREELIST GROUPS 1
  BUFFER_POOL DEFAULT FLASH_CACHE DEFAULT CELL_FLASH_CACHE DEFAULT)
  TABLESPACE "SYSTEM" ;
--------------------------------------------------------
--  DDL for Table COMMENTS
--------------------------------------------------------

  CREATE TABLE "SYSTEM"."COMMENTS" 
   (	"COMMENT_ID" NUMBER, 
	"POST_ID" NUMBER, 
	"USER_ID" NUMBER, 
	"PARENT_ID" NUMBER, 
	"CONTENT" CLOB, 
	"CODE_CONTENT" CLOB, 
	"LANGUAGE" VARCHAR2(50 BYTE), 
	"STATUS" VARCHAR2(20 BYTE) DEFAULT 'ACTIVE', 
	"CREATED_AT" DATE DEFAULT SYSDATE, 
	"DELETED_AT" DATE, 
	"COMMENT_MODE" VARCHAR2(10 BYTE) DEFAULT 'plain'
   ) PCTFREE 10 PCTUSED 40 INITRANS 1 MAXTRANS 255 
 NOCOMPRESS LOGGING
  STORAGE(INITIAL 65536 NEXT 1048576 MINEXTENTS 1 MAXEXTENTS 2147483645
  PCTINCREASE 0 FREELISTS 1 FREELIST GROUPS 1
  BUFFER_POOL DEFAULT FLASH_CACHE DEFAULT CELL_FLASH_CACHE DEFAULT)
  TABLESPACE "SYSTEM" 
 LOB ("CONTENT") STORE AS BASICFILE (
  TABLESPACE "SYSTEM" ENABLE STORAGE IN ROW 4000 CHUNK 8192 RETENTION 
  NOCACHE LOGGING 
  STORAGE(INITIAL 65536 NEXT 1048576 MINEXTENTS 1 MAXEXTENTS 2147483645
  PCTINCREASE 0 FREELISTS 1 FREELIST GROUPS 1
  BUFFER_POOL DEFAULT FLASH_CACHE DEFAULT CELL_FLASH_CACHE DEFAULT)) 
 LOB ("CODE_CONTENT") STORE AS BASICFILE (
  TABLESPACE "SYSTEM" ENABLE STORAGE IN ROW 4000 CHUNK 8192 RETENTION 
  NOCACHE LOGGING 
  STORAGE(INITIAL 65536 NEXT 1048576 MINEXTENTS 1 MAXEXTENTS 2147483645
  PCTINCREASE 0 FREELISTS 1 FREELIST GROUPS 1
  BUFFER_POOL DEFAULT FLASH_CACHE DEFAULT CELL_FLASH_CACHE DEFAULT)) ;
--------------------------------------------------------
--  DDL for Table FOLLOWS
--------------------------------------------------------

  CREATE TABLE "SYSTEM"."FOLLOWS" 
   (	"FOLLOWER_ID" NUMBER, 
	"FOLLOWING_ID" NUMBER, 
	"CREATED_AT" DATE DEFAULT SYSDATE, 
	"STATUS" VARCHAR2(10 BYTE) DEFAULT 'ACCEPTED'
   ) PCTFREE 10 PCTUSED 40 INITRANS 1 MAXTRANS 255 
 NOCOMPRESS LOGGING
  STORAGE(INITIAL 65536 NEXT 1048576 MINEXTENTS 1 MAXEXTENTS 2147483645
  PCTINCREASE 0 FREELISTS 1 FREELIST GROUPS 1
  BUFFER_POOL DEFAULT FLASH_CACHE DEFAULT CELL_FLASH_CACHE DEFAULT)
  TABLESPACE "SYSTEM" ;
--------------------------------------------------------
--  DDL for Table MUTES
--------------------------------------------------------

  CREATE TABLE "SYSTEM"."MUTES" 
   (	"MUTE_ID" NUMBER, 
	"MUTER_ID" NUMBER, 
	"MUTED_ID" NUMBER, 
	"CREATED_AT" DATE DEFAULT SYSDATE
   ) PCTFREE 10 PCTUSED 40 INITRANS 1 MAXTRANS 255 
 NOCOMPRESS LOGGING
  STORAGE(INITIAL 65536 NEXT 1048576 MINEXTENTS 1 MAXEXTENTS 2147483645
  PCTINCREASE 0 FREELISTS 1 FREELIST GROUPS 1
  BUFFER_POOL DEFAULT FLASH_CACHE DEFAULT CELL_FLASH_CACHE DEFAULT)
  TABLESPACE "SYSTEM" ;
--------------------------------------------------------
--  DDL for Table NOTIFICATIONS
--------------------------------------------------------

  CREATE TABLE "SYSTEM"."NOTIFICATIONS" 
   (	"NOTI_ID" NUMBER, 
	"RECEIVER_ID" NUMBER, 
	"SENDER_ID" NUMBER, 
	"NOTI_TYPE" VARCHAR2(30 BYTE), 
	"TARGET_TYPE" VARCHAR2(30 BYTE), 
	"TARGET_ID" NUMBER, 
	"IS_READ" VARCHAR2(1 BYTE) DEFAULT 'N', 
	"CREATED_AT" DATE DEFAULT SYSDATE
   ) PCTFREE 10 PCTUSED 40 INITRANS 1 MAXTRANS 255 
 NOCOMPRESS LOGGING
  STORAGE(INITIAL 65536 NEXT 1048576 MINEXTENTS 1 MAXEXTENTS 2147483645
  PCTINCREASE 0 FREELISTS 1 FREELIST GROUPS 1
  BUFFER_POOL DEFAULT FLASH_CACHE DEFAULT CELL_FLASH_CACHE DEFAULT)
  TABLESPACE "SYSTEM" ;
--------------------------------------------------------
--  DDL for Table POST_LIKES
--------------------------------------------------------

  CREATE TABLE "SYSTEM"."POST_LIKES" 
   (	"LIKE_ID" NUMBER GENERATED ALWAYS AS IDENTITY MINVALUE 1 MAXVALUE 9999999999999999999999999999 INCREMENT BY 1 START WITH 1 CACHE 20 NOORDER  NOCYCLE  NOKEEP  NOSCALE , 
	"POST_ID" NUMBER, 
	"USER_ID" NUMBER, 
	"CREATED_AT" DATE DEFAULT SYSDATE
   ) PCTFREE 10 PCTUSED 40 INITRANS 1 MAXTRANS 255 
 NOCOMPRESS LOGGING
  STORAGE(INITIAL 65536 NEXT 1048576 MINEXTENTS 1 MAXEXTENTS 2147483645
  PCTINCREASE 0 FREELISTS 1 FREELIST GROUPS 1
  BUFFER_POOL DEFAULT FLASH_CACHE DEFAULT CELL_FLASH_CACHE DEFAULT)
  TABLESPACE "SYSTEM" ;
--------------------------------------------------------
--  DDL for Table POST_MENTIONS
--------------------------------------------------------

  CREATE TABLE "SYSTEM"."POST_MENTIONS" 
   (	"MENTION_ID" NUMBER, 
	"POST_ID" NUMBER, 
	"USER_ID" NUMBER
   ) PCTFREE 10 PCTUSED 40 INITRANS 1 MAXTRANS 255 
 NOCOMPRESS LOGGING
  STORAGE(INITIAL 65536 NEXT 1048576 MINEXTENTS 1 MAXEXTENTS 2147483645
  PCTINCREASE 0 FREELISTS 1 FREELIST GROUPS 1
  BUFFER_POOL DEFAULT FLASH_CACHE DEFAULT CELL_FLASH_CACHE DEFAULT)
  TABLESPACE "SYSTEM" ;
--------------------------------------------------------
--  DDL for Table POST_REPORTS
--------------------------------------------------------

  CREATE TABLE "SYSTEM"."POST_REPORTS" 
   (	"REPORT_ID" NUMBER GENERATED ALWAYS AS IDENTITY MINVALUE 1 MAXVALUE 9999999999999999999999999999 INCREMENT BY 1 START WITH 1 CACHE 20 NOORDER  NOCYCLE  NOKEEP  NOSCALE , 
	"POST_ID" NUMBER, 
	"USER_ID" NUMBER, 
	"REASON" VARCHAR2(100 BYTE), 
	"DETAIL" VARCHAR2(500 BYTE), 
	"STATUS" VARCHAR2(20 BYTE) DEFAULT 'PENDING', 
	"CREATED_AT" DATE DEFAULT SYSDATE
   ) PCTFREE 10 PCTUSED 40 INITRANS 1 MAXTRANS 255 
 NOCOMPRESS LOGGING
  STORAGE(INITIAL 65536 NEXT 1048576 MINEXTENTS 1 MAXEXTENTS 2147483645
  PCTINCREASE 0 FREELISTS 1 FREELIST GROUPS 1
  BUFFER_POOL DEFAULT FLASH_CACHE DEFAULT CELL_FLASH_CACHE DEFAULT)
  TABLESPACE "SYSTEM" ;
--------------------------------------------------------
--  DDL for Table POST_TAGS
--------------------------------------------------------

  CREATE TABLE "SYSTEM"."POST_TAGS" 
   (	"POST_ID" NUMBER, 
	"TAG_ID" NUMBER
   ) PCTFREE 10 PCTUSED 40 INITRANS 1 MAXTRANS 255 
 NOCOMPRESS LOGGING
  STORAGE(INITIAL 65536 NEXT 1048576 MINEXTENTS 1 MAXEXTENTS 2147483645
  PCTINCREASE 0 FREELISTS 1 FREELIST GROUPS 1
  BUFFER_POOL DEFAULT FLASH_CACHE DEFAULT CELL_FLASH_CACHE DEFAULT)
  TABLESPACE "SYSTEM" ;
--------------------------------------------------------
--  DDL for Table POST_VIEWS
--------------------------------------------------------

  CREATE TABLE "SYSTEM"."POST_VIEWS" 
   (	"VIEW_ID" NUMBER GENERATED ALWAYS AS IDENTITY MINVALUE 1 MAXVALUE 9999999999999999999999999999 INCREMENT BY 1 START WITH 1 CACHE 20 NOORDER  NOCYCLE  NOKEEP  NOSCALE , 
	"POST_ID" NUMBER, 
	"USER_ID" NUMBER, 
	"IP_ADDR" VARCHAR2(45 BYTE), 
	"VIEWED_AT" DATE DEFAULT SYSDATE
   ) PCTFREE 10 PCTUSED 40 INITRANS 1 MAXTRANS 255 
 NOCOMPRESS LOGGING
  STORAGE(INITIAL 65536 NEXT 1048576 MINEXTENTS 1 MAXEXTENTS 2147483645
  PCTINCREASE 0 FREELISTS 1 FREELIST GROUPS 1
  BUFFER_POOL DEFAULT FLASH_CACHE DEFAULT CELL_FLASH_CACHE DEFAULT)
  TABLESPACE "SYSTEM" ;
--------------------------------------------------------
--  DDL for Table POSTS
--------------------------------------------------------

  CREATE TABLE "SYSTEM"."POSTS" 
   (	"POST_ID" NUMBER, 
	"USER_ID" NUMBER, 
	"CATEGORY_ID" NUMBER, 
	"POST_TYPE" VARCHAR2(50 BYTE), 
	"TITLE" VARCHAR2(500 BYTE), 
	"CONTENT" CLOB, 
	"STATUS" VARCHAR2(20 BYTE) DEFAULT 'ACTIVE', 
	"CREATED_AT" DATE DEFAULT SYSDATE, 
	"VIEW_COUNT" NUMBER DEFAULT 0, 
	"SHARE_COUNT" NUMBER DEFAULT 0, 
	"UPDATED_AT" DATE DEFAULT SYSDATE, 
	"HIDE_LIKE_COUNT" VARCHAR2(1 BYTE) DEFAULT 'N', 
	"DISABLE_COMMENTS" VARCHAR2(1 BYTE) DEFAULT 'N', 
	"LOCATION" VARCHAR2(200 BYTE)
   ) PCTFREE 10 PCTUSED 40 INITRANS 1 MAXTRANS 255 
 NOCOMPRESS LOGGING
  STORAGE(INITIAL 65536 NEXT 1048576 MINEXTENTS 1 MAXEXTENTS 2147483645
  PCTINCREASE 0 FREELISTS 1 FREELIST GROUPS 1
  BUFFER_POOL DEFAULT FLASH_CACHE DEFAULT CELL_FLASH_CACHE DEFAULT)
  TABLESPACE "SYSTEM" 
 LOB ("CONTENT") STORE AS BASICFILE (
  TABLESPACE "SYSTEM" ENABLE STORAGE IN ROW 4000 CHUNK 8192 RETENTION 
  NOCACHE LOGGING 
  STORAGE(INITIAL 65536 NEXT 1048576 MINEXTENTS 1 MAXEXTENTS 2147483645
  PCTINCREASE 0 FREELISTS 1 FREELIST GROUPS 1
  BUFFER_POOL DEFAULT FLASH_CACHE DEFAULT CELL_FLASH_CACHE DEFAULT)) ;
--------------------------------------------------------
--  DDL for Table PROFILE_IMAGES
--------------------------------------------------------

  CREATE TABLE "SYSTEM"."PROFILE_IMAGES" 
   (	"IMAGE_ID" NUMBER, 
	"USER_ID" NUMBER, 
	"IMAGE_URL" VARCHAR2(255 BYTE), 
	"IS_MAIN" VARCHAR2(1 BYTE) DEFAULT 'N', 
	"UPLOADED_AT" DATE DEFAULT SYSDATE
   ) PCTFREE 10 PCTUSED 40 INITRANS 1 MAXTRANS 255 
 NOCOMPRESS LOGGING
  STORAGE(INITIAL 65536 NEXT 1048576 MINEXTENTS 1 MAXEXTENTS 2147483645
  PCTINCREASE 0 FREELISTS 1 FREELIST GROUPS 1
  BUFFER_POOL DEFAULT FLASH_CACHE DEFAULT CELL_FLASH_CACHE DEFAULT)
  TABLESPACE "SYSTEM" ;
--------------------------------------------------------
--  DDL for Table REPORTS
--------------------------------------------------------

  CREATE TABLE "SYSTEM"."REPORTS" 
   (	"REPORT_ID" NUMBER, 
	"TARGET_TYPE" VARCHAR2(30 BYTE), 
	"TARGET_ID" NUMBER, 
	"REPORTER_ID" NUMBER, 
	"REASON" VARCHAR2(500 BYTE), 
	"STATUS" VARCHAR2(20 BYTE) DEFAULT 'PENDING', 
	"CREATED_AT" DATE DEFAULT SYSDATE
   ) PCTFREE 10 PCTUSED 40 INITRANS 1 MAXTRANS 255 
 NOCOMPRESS LOGGING
  STORAGE(INITIAL 65536 NEXT 1048576 MINEXTENTS 1 MAXEXTENTS 2147483645
  PCTINCREASE 0 FREELISTS 1 FREELIST GROUPS 1
  BUFFER_POOL DEFAULT FLASH_CACHE DEFAULT CELL_FLASH_CACHE DEFAULT)
  TABLESPACE "SYSTEM" ;
--------------------------------------------------------
--  DDL for Table TAGS
--------------------------------------------------------

  CREATE TABLE "SYSTEM"."TAGS" 
   (	"TAG_ID" NUMBER, 
	"TAG_NAME" VARCHAR2(50 BYTE)
   ) PCTFREE 10 PCTUSED 40 INITRANS 1 MAXTRANS 255 
 NOCOMPRESS LOGGING
  STORAGE(INITIAL 65536 NEXT 1048576 MINEXTENTS 1 MAXEXTENTS 2147483645
  PCTINCREASE 0 FREELISTS 1 FREELIST GROUPS 1
  BUFFER_POOL DEFAULT FLASH_CACHE DEFAULT CELL_FLASH_CACHE DEFAULT)
  TABLESPACE "SYSTEM" ;
--------------------------------------------------------
--  DDL for Table SUPPORT_INQUIRIES
--------------------------------------------------------

  CREATE TABLE "SYSTEM"."SUPPORT_INQUIRIES" 
   (	"INQUIRY_ID" NUMBER, 
	"USER_ID" NUMBER, 
	"INQUIRY_TYPE" VARCHAR2(50 BYTE), 
	"TITLE" VARCHAR2(200 BYTE), 
	"CONTENT" CLOB, 
	"ANSWER_CONTENT" CLOB, 
	"STATUS" VARCHAR2(20 BYTE) DEFAULT 'PENDING', 
	"CREATED_AT" DATE DEFAULT SYSDATE, 
	"ANSWERED_AT" DATE
   ) PCTFREE 10 PCTUSED 40 INITRANS 1 MAXTRANS 255 
 NOCOMPRESS LOGGING
  STORAGE(INITIAL 65536 NEXT 1048576 MINEXTENTS 1 MAXEXTENTS 2147483645
  PCTINCREASE 0 FREELISTS 1 FREELIST GROUPS 1
  BUFFER_POOL DEFAULT FLASH_CACHE DEFAULT CELL_FLASH_CACHE DEFAULT)
  TABLESPACE "SYSTEM" 
 LOB ("CONTENT") STORE AS BASICFILE (
  TABLESPACE "SYSTEM" ENABLE STORAGE IN ROW 4000 CHUNK 8192 RETENTION 
  NOCACHE LOGGING 
  STORAGE(INITIAL 65536 NEXT 1048576 MINEXTENTS 1 MAXEXTENTS 2147483645
  PCTINCREASE 0 FREELISTS 1 FREELIST GROUPS 1
  BUFFER_POOL DEFAULT FLASH_CACHE DEFAULT CELL_FLASH_CACHE DEFAULT)) 
 LOB ("ANSWER_CONTENT") STORE AS BASICFILE (
  TABLESPACE "SYSTEM" ENABLE STORAGE IN ROW 4000 CHUNK 8192 RETENTION 
  NOCACHE LOGGING 
  STORAGE(INITIAL 65536 NEXT 1048576 MINEXTENTS 1 MAXEXTENTS 2147483645
  PCTINCREASE 0 FREELISTS 1 FREELIST GROUPS 1
  BUFFER_POOL DEFAULT FLASH_CACHE DEFAULT CELL_FLASH_CACHE DEFAULT)) ;
--------------------------------------------------------
--  DDL for Table USER_SETTINGS
--------------------------------------------------------

  CREATE TABLE "SYSTEM"."USER_SETTINGS" 
   (	"SETTING_ID" NUMBER, 
	"USER_ID" NUMBER, 
	"THEME_MODE" VARCHAR2(10 BYTE) DEFAULT 'LIGHT', 
	"NOTI_EMAIL_YN" VARCHAR2(1 BYTE) DEFAULT 'Y', 
	"UPDATED_AT" DATE DEFAULT SYSDATE
   ) PCTFREE 10 PCTUSED 40 INITRANS 1 MAXTRANS 255 
 NOCOMPRESS LOGGING
  STORAGE(INITIAL 65536 NEXT 1048576 MINEXTENTS 1 MAXEXTENTS 2147483645
  PCTINCREASE 0 FREELISTS 1 FREELIST GROUPS 1
  BUFFER_POOL DEFAULT FLASH_CACHE DEFAULT CELL_FLASH_CACHE DEFAULT)
  TABLESPACE "SYSTEM" ;
--------------------------------------------------------
--  DDL for Table USERS
--------------------------------------------------------

  CREATE TABLE "SYSTEM"."USERS" 
   (	"USER_ID" NUMBER, 
	"EMAIL" VARCHAR2(100 BYTE), 
	"PASSWORD" VARCHAR2(255 BYTE), 
	"NICKNAME" VARCHAR2(50 BYTE), 
	"STATUS" VARCHAR2(20 BYTE) DEFAULT 'ACTIVE', 
	"IS_PRIVATE" VARCHAR2(1 BYTE) DEFAULT 'N', 
	"TERMS_AGREE_YN" VARCHAR2(1 BYTE) DEFAULT 'N', 
	"PRIVACY_AGREE_YN" VARCHAR2(1 BYTE) DEFAULT 'N', 
	"MARKETING_YN" VARCHAR2(1 BYTE) DEFAULT 'N', 
	"AGREED_AT" DATE, 
	"CREATED_AT" DATE DEFAULT SYSDATE, 
	"DELETED_AT" DATE, 
	"OAUTH_TYPE" VARCHAR2(20 BYTE) DEFAULT 'LOCAL', 
	"OAUTH_ID" VARCHAR2(100 BYTE), 
	"EMAIL_VERIFIED_AT" DATE, 
	"BIO" VARCHAR2(500 BYTE), 
	"GITHUB" VARCHAR2(100 BYTE), 
	"WEBSITE" VARCHAR2(100 BYTE), 
	"BIO_SHORT" VARCHAR2(100 BYTE), 
	"IS_PUBLIC" VARCHAR2(1 BYTE) DEFAULT 'Y', 
	"LAST_ACTIVE" TIMESTAMP (6), 
	"NOTI_COMMENT" VARCHAR2(1 BYTE) DEFAULT 'Y', 
	"NOTI_LIKE" VARCHAR2(1 BYTE) DEFAULT 'Y', 
	"NOTI_FOLLOW" VARCHAR2(1 BYTE) DEFAULT 'Y', 
	"NOTI_MESSAGE" VARCHAR2(1 BYTE) DEFAULT 'Y', 
	"MSG_ALLOW" VARCHAR2(20 BYTE) DEFAULT 'EVERYONE', 
	"GROUP_ALLOW" VARCHAR2(20 BYTE) DEFAULT 'EVERYONE', 
	"TAG_ALLOW" VARCHAR2(20 BYTE) DEFAULT 'EVERYONE', 
	"MENTION_ALLOW" VARCHAR2(20 BYTE) DEFAULT 'EVERYONE', 
	"HIDE_LIKE_COUNT" VARCHAR2(1 BYTE) DEFAULT 'N'
   ) PCTFREE 10 PCTUSED 40 INITRANS 1 MAXTRANS 255 
 NOCOMPRESS LOGGING
  STORAGE(INITIAL 65536 NEXT 1048576 MINEXTENTS 1 MAXEXTENTS 2147483645
  PCTINCREASE 0 FREELISTS 1 FREELIST GROUPS 1
  BUFFER_POOL DEFAULT FLASH_CACHE DEFAULT CELL_FLASH_CACHE DEFAULT)
  TABLESPACE "SYSTEM" ;
REM INSERTING into SYSTEM.BOOKMARKS
SET DEFINE OFF;
Insert into SYSTEM.BOOKMARKS (BOOKMARK_ID,POST_ID,USER_ID,CREATED_AT) values (1,29,1,to_date('26/05/29','RR/MM/DD'));
Insert into SYSTEM.BOOKMARKS (BOOKMARK_ID,POST_ID,USER_ID,CREATED_AT) values (7,34,1,to_date('26/06/01','RR/MM/DD'));
Insert into SYSTEM.BOOKMARKS (BOOKMARK_ID,POST_ID,USER_ID,CREATED_AT) values (3,33,1,to_date('26/06/01','RR/MM/DD'));
Insert into SYSTEM.BOOKMARKS (BOOKMARK_ID,POST_ID,USER_ID,CREATED_AT) values (41,58,1,to_date('26/06/05','RR/MM/DD'));
Insert into SYSTEM.BOOKMARKS (BOOKMARK_ID,POST_ID,USER_ID,CREATED_AT) values (21,41,1,to_date('26/06/02','RR/MM/DD'));
Insert into SYSTEM.BOOKMARKS (BOOKMARK_ID,POST_ID,USER_ID,CREATED_AT) values (42,71,5,to_date('26/06/08','RR/MM/DD'));
Insert into SYSTEM.BOOKMARKS (BOOKMARK_ID,POST_ID,USER_ID,CREATED_AT) values (43,41,4,to_date('26/06/08','RR/MM/DD'));
REM INSERTING into SYSTEM.AUTH_TOKENS
SET DEFINE OFF;
REM INSERTING into SYSTEM.CHAT_MESSAGE_DELETES
SET DEFINE OFF;
REM INSERTING into SYSTEM.BAD_WORDS
SET DEFINE OFF;
Insert into SYSTEM.BAD_WORDS (WORD_ID,BANNED_WORD,REPLACE_WORD,CREATED_AT) values (1,'시발','어머',to_date('26/06/05','RR/MM/DD'));
Insert into SYSTEM.BAD_WORDS (WORD_ID,BANNED_WORD,REPLACE_WORD,CREATED_AT) values (2,'미친','와우',to_date('26/06/05','RR/MM/DD'));
Insert into SYSTEM.BAD_WORDS (WORD_ID,BANNED_WORD,REPLACE_WORD,CREATED_AT) values (3,'존나','진짜',to_date('26/06/05','RR/MM/DD'));
Insert into SYSTEM.BAD_WORDS (WORD_ID,BANNED_WORD,REPLACE_WORD,CREATED_AT) values (4,'개소리','논리적인 오류',to_date('26/06/05','RR/MM/DD'));
Insert into SYSTEM.BAD_WORDS (WORD_ID,BANNED_WORD,REPLACE_WORD,CREATED_AT) values (5,'지랄','허둥지둥',to_date('26/06/05','RR/MM/DD'));
Insert into SYSTEM.BAD_WORDS (WORD_ID,BANNED_WORD,REPLACE_WORD,CREATED_AT) values (6,'빡치네','속상하네',to_date('26/06/05','RR/MM/DD'));
Insert into SYSTEM.BAD_WORDS (WORD_ID,BANNED_WORD,REPLACE_WORD,CREATED_AT) values (7,'꺼져','혼자 있고 싶어',to_date('26/06/05','RR/MM/DD'));
REM INSERTING into SYSTEM.CHAT_MEMBER_SETTINGS
SET DEFINE OFF;
REM INSERTING into SYSTEM.BLOCKS
SET DEFINE OFF;
REM INSERTING into SYSTEM.CHAT_MEMBERS
SET DEFINE OFF;
Insert into SYSTEM.CHAT_MEMBERS (ROOM_ID,USER_ID,JOINED_AT,LAST_READ_AT,IS_HIDDEN) values (11,1,to_date('26/06/08','RR/MM/DD'),to_date('26/06/08','RR/MM/DD'),'N');
Insert into SYSTEM.CHAT_MEMBERS (ROOM_ID,USER_ID,JOINED_AT,LAST_READ_AT,IS_HIDDEN) values (11,5,to_date('26/06/08','RR/MM/DD'),null,'N');
Insert into SYSTEM.CHAT_MEMBERS (ROOM_ID,USER_ID,JOINED_AT,LAST_READ_AT,IS_HIDDEN) values (9,1,to_date('26/06/02','RR/MM/DD'),to_date('26/06/08','RR/MM/DD'),'N');
Insert into SYSTEM.CHAT_MEMBERS (ROOM_ID,USER_ID,JOINED_AT,LAST_READ_AT,IS_HIDDEN) values (9,2,to_date('26/06/02','RR/MM/DD'),null,'N');
Insert into SYSTEM.CHAT_MEMBERS (ROOM_ID,USER_ID,JOINED_AT,LAST_READ_AT,IS_HIDDEN) values (4,1,to_date('26/06/01','RR/MM/DD'),null,'N');
Insert into SYSTEM.CHAT_MEMBERS (ROOM_ID,USER_ID,JOINED_AT,LAST_READ_AT,IS_HIDDEN) values (4,2,to_date('26/06/01','RR/MM/DD'),null,'N');
Insert into SYSTEM.CHAT_MEMBERS (ROOM_ID,USER_ID,JOINED_AT,LAST_READ_AT,IS_HIDDEN) values (4,3,to_date('26/06/01','RR/MM/DD'),null,'N');
Insert into SYSTEM.CHAT_MEMBERS (ROOM_ID,USER_ID,JOINED_AT,LAST_READ_AT,IS_HIDDEN) values (7,1,to_date('26/06/01','RR/MM/DD'),to_date('26/06/08','RR/MM/DD'),'N');
Insert into SYSTEM.CHAT_MEMBERS (ROOM_ID,USER_ID,JOINED_AT,LAST_READ_AT,IS_HIDDEN) values (9,3,to_date('26/06/02','RR/MM/DD'),to_date('26/06/08','RR/MM/DD'),'N');
Insert into SYSTEM.CHAT_MEMBERS (ROOM_ID,USER_ID,JOINED_AT,LAST_READ_AT,IS_HIDDEN) values (8,1,to_date('26/06/02','RR/MM/DD'),to_date('26/06/08','RR/MM/DD'),'N');
Insert into SYSTEM.CHAT_MEMBERS (ROOM_ID,USER_ID,JOINED_AT,LAST_READ_AT,IS_HIDDEN) values (8,2,to_date('26/06/02','RR/MM/DD'),to_date('26/06/02','RR/MM/DD'),'N');
Insert into SYSTEM.CHAT_MEMBERS (ROOM_ID,USER_ID,JOINED_AT,LAST_READ_AT,IS_HIDDEN) values (9,4,to_date('26/06/02','RR/MM/DD'),to_date('26/06/08','RR/MM/DD'),'N');
Insert into SYSTEM.CHAT_MEMBERS (ROOM_ID,USER_ID,JOINED_AT,LAST_READ_AT,IS_HIDDEN) values (9,5,to_date('26/06/02','RR/MM/DD'),to_date('26/06/08','RR/MM/DD'),'N');
Insert into SYSTEM.CHAT_MEMBERS (ROOM_ID,USER_ID,JOINED_AT,LAST_READ_AT,IS_HIDDEN) values (7,2,to_date('26/06/01','RR/MM/DD'),to_date('26/06/02','RR/MM/DD'),'N');
Insert into SYSTEM.CHAT_MEMBERS (ROOM_ID,USER_ID,JOINED_AT,LAST_READ_AT,IS_HIDDEN) values (7,3,to_date('26/06/01','RR/MM/DD'),null,'N');
Insert into SYSTEM.CHAT_MEMBERS (ROOM_ID,USER_ID,JOINED_AT,LAST_READ_AT,IS_HIDDEN) values (10,3,to_date('26/06/05','RR/MM/DD'),to_date('26/06/05','RR/MM/DD'),'N');
REM INSERTING into SYSTEM.ATTACHED_FILES
SET DEFINE OFF;
Insert into SYSTEM.ATTACHED_FILES (FILE_ID,USER_ID,TARGET_TYPE,TARGET_ID,FILE_URL) values (1,1,'POST',33,'/uploads/post/1780276774414-126278880.png');
Insert into SYSTEM.ATTACHED_FILES (FILE_ID,USER_ID,TARGET_TYPE,TARGET_ID,FILE_URL) values (2,1,'POST',50,'/uploads/post/1780627609794-320910.jpg');
Insert into SYSTEM.ATTACHED_FILES (FILE_ID,USER_ID,TARGET_TYPE,TARGET_ID,FILE_URL) values (3,1,'POST',53,'/uploads/post/1780629569004-851760912.jpg');
Insert into SYSTEM.ATTACHED_FILES (FILE_ID,USER_ID,TARGET_TYPE,TARGET_ID,FILE_URL) values (4,1,'POST',54,'/uploads/post/1780631649878-979532138.jpg');
Insert into SYSTEM.ATTACHED_FILES (FILE_ID,USER_ID,TARGET_TYPE,TARGET_ID,FILE_URL) values (5,1,'POST',57,'/uploads/post/1780637694414-230035970.jpg');
Insert into SYSTEM.ATTACHED_FILES (FILE_ID,USER_ID,TARGET_TYPE,TARGET_ID,FILE_URL) values (6,1,'POST',58,'/uploads/post/1780648955045-563242554.jpg');
Insert into SYSTEM.ATTACHED_FILES (FILE_ID,USER_ID,TARGET_TYPE,TARGET_ID,FILE_URL) values (7,1,'POST',58,'/uploads/post/1780648955059-317918844.jpg');
Insert into SYSTEM.ATTACHED_FILES (FILE_ID,USER_ID,TARGET_TYPE,TARGET_ID,FILE_URL) values (8,1,'POST',59,'/uploads/post/1780879945975-x9zct7u4bq.mp4');
Insert into SYSTEM.ATTACHED_FILES (FILE_ID,USER_ID,TARGET_TYPE,TARGET_ID,FILE_URL) values (9,1,'POST',60,'/uploads/post/1780880265368-mrc2zo6hut.mp4');
Insert into SYSTEM.ATTACHED_FILES (FILE_ID,USER_ID,TARGET_TYPE,TARGET_ID,FILE_URL) values (10,3,'POST',61,'/uploads/post/1780880453841-5xl76i6axul.mp4');
Insert into SYSTEM.ATTACHED_FILES (FILE_ID,USER_ID,TARGET_TYPE,TARGET_ID,FILE_URL) values (11,3,'POST',62,'/uploads/post/1780887211818-ls0y460356.mp4');
Insert into SYSTEM.ATTACHED_FILES (FILE_ID,USER_ID,TARGET_TYPE,TARGET_ID,FILE_URL) values (12,2,'POST',63,'/uploads/post/1780887298063-8qj8f06gnz3.mp4');
Insert into SYSTEM.ATTACHED_FILES (FILE_ID,USER_ID,TARGET_TYPE,TARGET_ID,FILE_URL) values (13,2,'POST',64,'/uploads/post/1780887344979-x9yhqurkjmi.mp4');
Insert into SYSTEM.ATTACHED_FILES (FILE_ID,USER_ID,TARGET_TYPE,TARGET_ID,FILE_URL) values (14,5,'POST',65,'/uploads/post/1780887477494-1ozm33ds6yt.mp4');
Insert into SYSTEM.ATTACHED_FILES (FILE_ID,USER_ID,TARGET_TYPE,TARGET_ID,FILE_URL) values (15,5,'POST',66,'/uploads/post/1780887533095-5ij7ojolwo5.mp4');
Insert into SYSTEM.ATTACHED_FILES (FILE_ID,USER_ID,TARGET_TYPE,TARGET_ID,FILE_URL) values (16,4,'POST',67,'/uploads/post/1780887649340-aux7dn94s2t.mp4');
Insert into SYSTEM.ATTACHED_FILES (FILE_ID,USER_ID,TARGET_TYPE,TARGET_ID,FILE_URL) values (17,4,'POST',68,'/uploads/post/1780887700047-6zs40bfdlyf.mp4');
Insert into SYSTEM.ATTACHED_FILES (FILE_ID,USER_ID,TARGET_TYPE,TARGET_ID,FILE_URL) values (34,1,'POST',69,'/uploads/post/1780888127629-hs2sme1cjac.mp4');
Insert into SYSTEM.ATTACHED_FILES (FILE_ID,USER_ID,TARGET_TYPE,TARGET_ID,FILE_URL) values (19,1,'POST',70,'/uploads/post/1780889120470-ia8sbdo3bgj.mp4');
Insert into SYSTEM.ATTACHED_FILES (FILE_ID,USER_ID,TARGET_TYPE,TARGET_ID,FILE_URL) values (21,1,'POST',72,'/uploads/post/1780890518131-ba4qcgoq19h.mp4');
Insert into SYSTEM.ATTACHED_FILES (FILE_ID,USER_ID,TARGET_TYPE,TARGET_ID,FILE_URL) values (33,1,'POST',71,'/uploads/post/1780890805758-2quyor68mvy.mp4');
REM INSERTING into SYSTEM.CATEGORIES
SET DEFINE OFF;
Insert into SYSTEM.CATEGORIES (CATEGORY_ID,CATEGORY_NAME,DISPLAY_ORDER) values (1,'QUESTION',1);
Insert into SYSTEM.CATEGORIES (CATEGORY_ID,CATEGORY_NAME,DISPLAY_ORDER) values (2,'FREE',2);
Insert into SYSTEM.CATEGORIES (CATEGORY_ID,CATEGORY_NAME,DISPLAY_ORDER) values (3,'ERROR',3);
Insert into SYSTEM.CATEGORIES (CATEGORY_ID,CATEGORY_NAME,DISPLAY_ORDER) values (4,'REEL',4);
REM INSERTING into SYSTEM.AI_ANSWERS
SET DEFINE OFF;
Insert into SYSTEM.AI_ANSWERS (ANSWER_ID,POST_ID,CREATED_AT,UPDATED_AT) values (1,33,to_date('26/06/05','RR/MM/DD'),to_date('26/06/05','RR/MM/DD'));
Insert into SYSTEM.AI_ANSWERS (ANSWER_ID,POST_ID,CREATED_AT,UPDATED_AT) values (21,41,to_date('26/06/08','RR/MM/DD'),to_date('26/06/08','RR/MM/DD'));
REM INSERTING into SYSTEM.CHAT_MESSAGES
SET DEFINE OFF;
Insert into SYSTEM.CHAT_MESSAGES (MESSAGE_ID,ROOM_ID,SENDER_ID,MESSAGE,IS_READ,IS_DELETED,DEL_USER_ID,SENT_AT,IS_EDITED,IMAGE_URL,IS_SYSTEM,IS_EMOTICON) values (51,7,2,'어어 안녕하세요 ','Y','N',null,to_date('26/06/02','RR/MM/DD'),'N',null,'N','N');
Insert into SYSTEM.CHAT_MESSAGES (MESSAGE_ID,ROOM_ID,SENDER_ID,MESSAGE,IS_READ,IS_DELETED,DEL_USER_ID,SENT_AT,IS_EDITED,IMAGE_URL,IS_SYSTEM,IS_EMOTICON) values (7,4,1,'안녕하새우','Y','N',null,to_date('26/06/01','RR/MM/DD'),'N',null,'N','N');
Insert into SYSTEM.CHAT_MESSAGES (MESSAGE_ID,ROOM_ID,SENDER_ID,MESSAGE,IS_READ,IS_DELETED,DEL_USER_ID,SENT_AT,IS_EDITED,IMAGE_URL,IS_SYSTEM,IS_EMOTICON) values (8,4,3,'안녕하세우','Y','N',null,to_date('26/06/01','RR/MM/DD'),'N',null,'N','N');
Insert into SYSTEM.CHAT_MESSAGES (MESSAGE_ID,ROOM_ID,SENDER_ID,MESSAGE,IS_READ,IS_DELETED,DEL_USER_ID,SENT_AT,IS_EDITED,IMAGE_URL,IS_SYSTEM,IS_EMOTICON) values (9,4,1,'네네','Y','N',null,to_date('26/06/01','RR/MM/DD'),'N',null,'N','N');
Insert into SYSTEM.CHAT_MESSAGES (MESSAGE_ID,ROOM_ID,SENDER_ID,MESSAGE,IS_READ,IS_DELETED,DEL_USER_ID,SENT_AT,IS_EDITED,IMAGE_URL,IS_SYSTEM,IS_EMOTICON) values (10,4,1,'방어ㅎ','Y','N',null,to_date('26/06/01','RR/MM/DD'),'N',null,'N','N');
Insert into SYSTEM.CHAT_MESSAGES (MESSAGE_ID,ROOM_ID,SENDER_ID,MESSAGE,IS_READ,IS_DELETED,DEL_USER_ID,SENT_AT,IS_EDITED,IMAGE_URL,IS_SYSTEM,IS_EMOTICON) values (11,4,1,'방어방어','Y','N',null,to_date('26/06/01','RR/MM/DD'),'N',null,'N','N');
Insert into SYSTEM.CHAT_MESSAGES (MESSAGE_ID,ROOM_ID,SENDER_ID,MESSAGE,IS_READ,IS_DELETED,DEL_USER_ID,SENT_AT,IS_EDITED,IMAGE_URL,IS_SYSTEM,IS_EMOTICON) values (12,4,1,'[파일을 보냈습니다: cherry.jpg]','Y','N',null,to_date('26/06/01','RR/MM/DD'),'N',null,'N','N');
Insert into SYSTEM.CHAT_MESSAGES (MESSAGE_ID,ROOM_ID,SENDER_ID,MESSAGE,IS_READ,IS_DELETED,DEL_USER_ID,SENT_AT,IS_EDITED,IMAGE_URL,IS_SYSTEM,IS_EMOTICON) values (13,4,1,'[파일을 보냈습니다: detailImg10.png]','Y','N',1,to_date('26/06/01','RR/MM/DD'),'N',null,'N','N');
Insert into SYSTEM.CHAT_MESSAGES (MESSAGE_ID,ROOM_ID,SENDER_ID,MESSAGE,IS_READ,IS_DELETED,DEL_USER_ID,SENT_AT,IS_EDITED,IMAGE_URL,IS_SYSTEM,IS_EMOTICON) values (15,4,1,'__STICKER__🤣','Y','N',null,to_date('26/06/01','RR/MM/DD'),'N',null,'N','N');
Insert into SYSTEM.CHAT_MESSAGES (MESSAGE_ID,ROOM_ID,SENDER_ID,MESSAGE,IS_READ,IS_DELETED,DEL_USER_ID,SENT_AT,IS_EDITED,IMAGE_URL,IS_SYSTEM,IS_EMOTICON) values (21,7,1,'ㅇㅅㅇ','Y','N',null,to_date('26/06/01','RR/MM/DD'),'N',null,'N','N');
Insert into SYSTEM.CHAT_MESSAGES (MESSAGE_ID,ROOM_ID,SENDER_ID,MESSAGE,IS_READ,IS_DELETED,DEL_USER_ID,SENT_AT,IS_EDITED,IMAGE_URL,IS_SYSTEM,IS_EMOTICON) values (22,7,1,'채연님이 채팅방 배경색을 초록색으로 변경했습니다.','Y','N',null,to_date('26/06/01','RR/MM/DD'),'N',null,'Y','N');
Insert into SYSTEM.CHAT_MESSAGES (MESSAGE_ID,ROOM_ID,SENDER_ID,MESSAGE,IS_READ,IS_DELETED,DEL_USER_ID,SENT_AT,IS_EDITED,IMAGE_URL,IS_SYSTEM,IS_EMOTICON) values (23,7,1,'채연님이 말풍선 스타일을 "각진 모서리"(으)로 변경했습니다.','Y','N',null,to_date('26/06/01','RR/MM/DD'),'N',null,'Y','N');
Insert into SYSTEM.CHAT_MESSAGES (MESSAGE_ID,ROOM_ID,SENDER_ID,MESSAGE,IS_READ,IS_DELETED,DEL_USER_ID,SENT_AT,IS_EDITED,IMAGE_URL,IS_SYSTEM,IS_EMOTICON) values (24,7,1,'채연님이 말풍선 스타일을 "둥근 모서리"(으)로 변경했습니다.','Y','N',null,to_date('26/06/01','RR/MM/DD'),'N',null,'Y','N');
Insert into SYSTEM.CHAT_MESSAGES (MESSAGE_ID,ROOM_ID,SENDER_ID,MESSAGE,IS_READ,IS_DELETED,DEL_USER_ID,SENT_AT,IS_EDITED,IMAGE_URL,IS_SYSTEM,IS_EMOTICON) values (25,7,1,'채연님이 채팅방 이름을 "어벤져스"(으)로 변경했습니다.','Y','N',null,to_date('26/06/01','RR/MM/DD'),'N',null,'Y','N');
Insert into SYSTEM.CHAT_MESSAGES (MESSAGE_ID,ROOM_ID,SENDER_ID,MESSAGE,IS_READ,IS_DELETED,DEL_USER_ID,SENT_AT,IS_EDITED,IMAGE_URL,IS_SYSTEM,IS_EMOTICON) values (26,7,1,'채연님이 채팅방 이름을 "야르"(으)로 변경했습니다.','Y','N',null,to_date('26/06/01','RR/MM/DD'),'N',null,'Y','N');
Insert into SYSTEM.CHAT_MESSAGES (MESSAGE_ID,ROOM_ID,SENDER_ID,MESSAGE,IS_READ,IS_DELETED,DEL_USER_ID,SENT_AT,IS_EDITED,IMAGE_URL,IS_SYSTEM,IS_EMOTICON) values (27,7,1,'안녕하세요!','Y','N',null,to_date('26/06/01','RR/MM/DD'),'N',null,'N','N');
Insert into SYSTEM.CHAT_MESSAGES (MESSAGE_ID,ROOM_ID,SENDER_ID,MESSAGE,IS_READ,IS_DELETED,DEL_USER_ID,SENT_AT,IS_EDITED,IMAGE_URL,IS_SYSTEM,IS_EMOTICON) values (28,7,1,' ','Y','N',null,to_date('26/06/01','RR/MM/DD'),'N','/uploads/chat/1780302199267-575026111.png','N','N');
Insert into SYSTEM.CHAT_MESSAGES (MESSAGE_ID,ROOM_ID,SENDER_ID,MESSAGE,IS_READ,IS_DELETED,DEL_USER_ID,SENT_AT,IS_EDITED,IMAGE_URL,IS_SYSTEM,IS_EMOTICON) values (29,7,1,'이 프사 이쁘네요','Y','N',null,to_date('26/06/01','RR/MM/DD'),'N',null,'N','N');
Insert into SYSTEM.CHAT_MESSAGES (MESSAGE_ID,ROOM_ID,SENDER_ID,MESSAGE,IS_READ,IS_DELETED,DEL_USER_ID,SENT_AT,IS_EDITED,IMAGE_URL,IS_SYSTEM,IS_EMOTICON) values (30,7,3,'ㅇㅈ 개이뻐욘','Y','N',null,to_date('26/06/01','RR/MM/DD'),'N',null,'N','N');
Insert into SYSTEM.CHAT_MESSAGES (MESSAGE_ID,ROOM_ID,SENDER_ID,MESSAGE,IS_READ,IS_DELETED,DEL_USER_ID,SENT_AT,IS_EDITED,IMAGE_URL,IS_SYSTEM,IS_EMOTICON) values (31,7,1,'채연님이 채팅방 이름을 "야르릉"(으)로 변경했습니다.','Y','N',null,to_date('26/06/01','RR/MM/DD'),'N',null,'Y','N');
Insert into SYSTEM.CHAT_MESSAGES (MESSAGE_ID,ROOM_ID,SENDER_ID,MESSAGE,IS_READ,IS_DELETED,DEL_USER_ID,SENT_AT,IS_EDITED,IMAGE_URL,IS_SYSTEM,IS_EMOTICON) values (32,7,1,'채연님이 채팅방 이름을 "야르"(으)로 변경했습니다.','Y','N',null,to_date('26/06/01','RR/MM/DD'),'N',null,'Y','N');
Insert into SYSTEM.CHAT_MESSAGES (MESSAGE_ID,ROOM_ID,SENDER_ID,MESSAGE,IS_READ,IS_DELETED,DEL_USER_ID,SENT_AT,IS_EDITED,IMAGE_URL,IS_SYSTEM,IS_EMOTICON) values (33,7,1,'채연님이 채팅방 배경색을 어두운 색으로 변경했습니다.','Y','N',null,to_date('26/06/01','RR/MM/DD'),'N',null,'Y','N');
Insert into SYSTEM.CHAT_MESSAGES (MESSAGE_ID,ROOM_ID,SENDER_ID,MESSAGE,IS_READ,IS_DELETED,DEL_USER_ID,SENT_AT,IS_EDITED,IMAGE_URL,IS_SYSTEM,IS_EMOTICON) values (34,7,1,'채연님이 채팅방 배경색을 기본으로 변경했습니다.','Y','N',null,to_date('26/06/01','RR/MM/DD'),'N',null,'Y','N');
Insert into SYSTEM.CHAT_MESSAGES (MESSAGE_ID,ROOM_ID,SENDER_ID,MESSAGE,IS_READ,IS_DELETED,DEL_USER_ID,SENT_AT,IS_EDITED,IMAGE_URL,IS_SYSTEM,IS_EMOTICON) values (35,7,1,'채연님이 채팅방 사진을 변경했습니다.','Y','N',null,to_date('26/06/02','RR/MM/DD'),'N',null,'Y','N');
Insert into SYSTEM.CHAT_MESSAGES (MESSAGE_ID,ROOM_ID,SENDER_ID,MESSAGE,IS_READ,IS_DELETED,DEL_USER_ID,SENT_AT,IS_EDITED,IMAGE_URL,IS_SYSTEM,IS_EMOTICON) values (36,7,1,' ','Y','N',null,to_date('26/06/02','RR/MM/DD'),'N','/uploads/chat/1780364591058-874287677.png','N','N');
Insert into SYSTEM.CHAT_MESSAGES (MESSAGE_ID,ROOM_ID,SENDER_ID,MESSAGE,IS_READ,IS_DELETED,DEL_USER_ID,SENT_AT,IS_EDITED,IMAGE_URL,IS_SYSTEM,IS_EMOTICON) values (37,7,1,'저희 디엠방 사진 이거 어때요?','Y','N',null,to_date('26/06/02','RR/MM/DD'),'N',null,'N','N');
Insert into SYSTEM.CHAT_MESSAGES (MESSAGE_ID,ROOM_ID,SENDER_ID,MESSAGE,IS_READ,IS_DELETED,DEL_USER_ID,SENT_AT,IS_EDITED,IMAGE_URL,IS_SYSTEM,IS_EMOTICON) values (38,7,1,'헤엥','Y','N',2,to_date('26/06/02','RR/MM/DD'),'N',null,'N','N');
Insert into SYSTEM.CHAT_MESSAGES (MESSAGE_ID,ROOM_ID,SENDER_ID,MESSAGE,IS_READ,IS_DELETED,DEL_USER_ID,SENT_AT,IS_EDITED,IMAGE_URL,IS_SYSTEM,IS_EMOTICON) values (52,7,2,'뭔갈 많이 보내셨네요','Y','N',null,to_date('26/06/02','RR/MM/DD'),'N',null,'N','N');
Insert into SYSTEM.CHAT_MESSAGES (MESSAGE_ID,ROOM_ID,SENDER_ID,MESSAGE,IS_READ,IS_DELETED,DEL_USER_ID,SENT_AT,IS_EDITED,IMAGE_URL,IS_SYSTEM,IS_EMOTICON) values (40,8,1,'안녕하새우','Y','N',null,to_date('26/06/02','RR/MM/DD'),'N',null,'N','N');
Insert into SYSTEM.CHAT_MESSAGES (MESSAGE_ID,ROOM_ID,SENDER_ID,MESSAGE,IS_READ,IS_DELETED,DEL_USER_ID,SENT_AT,IS_EDITED,IMAGE_URL,IS_SYSTEM,IS_EMOTICON) values (41,8,1,'흠.','Y','N',null,to_date('26/06/02','RR/MM/DD'),'N',null,'N','N');
Insert into SYSTEM.CHAT_MESSAGES (MESSAGE_ID,ROOM_ID,SENDER_ID,MESSAGE,IS_READ,IS_DELETED,DEL_USER_ID,SENT_AT,IS_EDITED,IMAGE_URL,IS_SYSTEM,IS_EMOTICON) values (42,7,1,'@오리깨객','Y','N',2,to_date('26/06/02','RR/MM/DD'),'N',null,'N','N');
Insert into SYSTEM.CHAT_MESSAGES (MESSAGE_ID,ROOM_ID,SENDER_ID,MESSAGE,IS_READ,IS_DELETED,DEL_USER_ID,SENT_AT,IS_EDITED,IMAGE_URL,IS_SYSTEM,IS_EMOTICON) values (43,7,1,'@ ','Y','Y',2,to_date('26/06/02','RR/MM/DD'),'N',null,'N','N');
Insert into SYSTEM.CHAT_MESSAGES (MESSAGE_ID,ROOM_ID,SENDER_ID,MESSAGE,IS_READ,IS_DELETED,DEL_USER_ID,SENT_AT,IS_EDITED,IMAGE_URL,IS_SYSTEM,IS_EMOTICON) values (44,7,1,'@','Y','N',2,to_date('26/06/02','RR/MM/DD'),'N',null,'N','N');
Insert into SYSTEM.CHAT_MESSAGES (MESSAGE_ID,ROOM_ID,SENDER_ID,MESSAGE,IS_READ,IS_DELETED,DEL_USER_ID,SENT_AT,IS_EDITED,IMAGE_URL,IS_SYSTEM,IS_EMOTICON) values (45,7,1,'@코','Y','N',2,to_date('26/06/02','RR/MM/DD'),'N',null,'N','N');
Insert into SYSTEM.CHAT_MESSAGES (MESSAGE_ID,ROOM_ID,SENDER_ID,MESSAGE,IS_READ,IS_DELETED,DEL_USER_ID,SENT_AT,IS_EDITED,IMAGE_URL,IS_SYSTEM,IS_EMOTICON) values (46,7,1,'엇','Y','Y',2,to_date('26/06/02','RR/MM/DD'),'N',null,'N','N');
Insert into SYSTEM.CHAT_MESSAGES (MESSAGE_ID,ROOM_ID,SENDER_ID,MESSAGE,IS_READ,IS_DELETED,DEL_USER_ID,SENT_AT,IS_EDITED,IMAGE_URL,IS_SYSTEM,IS_EMOTICON) values (47,7,1,'안녕하세요','Y','N',2,to_date('26/06/02','RR/MM/DD'),'N',null,'N','N');
Insert into SYSTEM.CHAT_MESSAGES (MESSAGE_ID,ROOM_ID,SENDER_ID,MESSAGE,IS_READ,IS_DELETED,DEL_USER_ID,SENT_AT,IS_EDITED,IMAGE_URL,IS_SYSTEM,IS_EMOTICON) values (53,7,2,'디엠방 사진 좋져','Y','N',null,to_date('26/06/02','RR/MM/DD'),'N',null,'N','N');
Insert into SYSTEM.CHAT_MESSAGES (MESSAGE_ID,ROOM_ID,SENDER_ID,MESSAGE,IS_READ,IS_DELETED,DEL_USER_ID,SENT_AT,IS_EDITED,IMAGE_URL,IS_SYSTEM,IS_EMOTICON) values (54,7,2,'코딩고수님이 말풍선 스타일을 "각진 모서리"(으)로 변경했습니다.','Y','N',null,to_date('26/06/02','RR/MM/DD'),'N',null,'Y','N');
Insert into SYSTEM.CHAT_MESSAGES (MESSAGE_ID,ROOM_ID,SENDER_ID,MESSAGE,IS_READ,IS_DELETED,DEL_USER_ID,SENT_AT,IS_EDITED,IMAGE_URL,IS_SYSTEM,IS_EMOTICON) values (55,7,2,'코딩고수님이 말풍선 스타일을 "각진 모서리"(으)로 변경했습니다.','Y','N',null,to_date('26/06/02','RR/MM/DD'),'N',null,'Y','N');
Insert into SYSTEM.CHAT_MESSAGES (MESSAGE_ID,ROOM_ID,SENDER_ID,MESSAGE,IS_READ,IS_DELETED,DEL_USER_ID,SENT_AT,IS_EDITED,IMAGE_URL,IS_SYSTEM,IS_EMOTICON) values (56,7,2,'코딩고수님이 말풍선 스타일을 "테두리형"(으)로 변경했습니다.','Y','N',null,to_date('26/06/02','RR/MM/DD'),'N',null,'Y','N');
Insert into SYSTEM.CHAT_MESSAGES (MESSAGE_ID,ROOM_ID,SENDER_ID,MESSAGE,IS_READ,IS_DELETED,DEL_USER_ID,SENT_AT,IS_EDITED,IMAGE_URL,IS_SYSTEM,IS_EMOTICON) values (57,7,2,'코딩고수님이 말풍선 스타일을 "테두리형"(으)로 변경했습니다.','Y','N',null,to_date('26/06/02','RR/MM/DD'),'N',null,'Y','N');
Insert into SYSTEM.CHAT_MESSAGES (MESSAGE_ID,ROOM_ID,SENDER_ID,MESSAGE,IS_READ,IS_DELETED,DEL_USER_ID,SENT_AT,IS_EDITED,IMAGE_URL,IS_SYSTEM,IS_EMOTICON) values (58,7,2,'@오리깨객 ','Y','N',null,to_date('26/06/02','RR/MM/DD'),'N',null,'N','N');
Insert into SYSTEM.CHAT_MESSAGES (MESSAGE_ID,ROOM_ID,SENDER_ID,MESSAGE,IS_READ,IS_DELETED,DEL_USER_ID,SENT_AT,IS_EDITED,IMAGE_URL,IS_SYSTEM,IS_EMOTICON) values (59,7,2,'이 분은 왜 확인을 안 하심','Y','N',null,to_date('26/06/02','RR/MM/DD'),'N',null,'N','N');
Insert into SYSTEM.CHAT_MESSAGES (MESSAGE_ID,ROOM_ID,SENDER_ID,MESSAGE,IS_READ,IS_DELETED,DEL_USER_ID,SENT_AT,IS_EDITED,IMAGE_URL,IS_SYSTEM,IS_EMOTICON) values (60,7,2,'코딩고수님이 말풍선 스타일을 "둥근 모서리"(으)로 변경했습니다.','Y','N',null,to_date('26/06/02','RR/MM/DD'),'N',null,'Y','N');
Insert into SYSTEM.CHAT_MESSAGES (MESSAGE_ID,ROOM_ID,SENDER_ID,MESSAGE,IS_READ,IS_DELETED,DEL_USER_ID,SENT_AT,IS_EDITED,IMAGE_URL,IS_SYSTEM,IS_EMOTICON) values (61,7,1,'그러게용??','Y','N',null,to_date('26/06/02','RR/MM/DD'),'N',null,'N','N');
Insert into SYSTEM.CHAT_MESSAGES (MESSAGE_ID,ROOM_ID,SENDER_ID,MESSAGE,IS_READ,IS_DELETED,DEL_USER_ID,SENT_AT,IS_EDITED,IMAGE_URL,IS_SYSTEM,IS_EMOTICON) values (62,7,1,'무슨 일 있낭','Y','N',null,to_date('26/06/02','RR/MM/DD'),'N',null,'N','N');
Insert into SYSTEM.CHAT_MESSAGES (MESSAGE_ID,ROOM_ID,SENDER_ID,MESSAGE,IS_READ,IS_DELETED,DEL_USER_ID,SENT_AT,IS_EDITED,IMAGE_URL,IS_SYSTEM,IS_EMOTICON) values (63,7,1,'ㅎㅎㅎ','Y','N',null,to_date('26/06/02','RR/MM/DD'),'N',null,'N','N');
Insert into SYSTEM.CHAT_MESSAGES (MESSAGE_ID,ROOM_ID,SENDER_ID,MESSAGE,IS_READ,IS_DELETED,DEL_USER_ID,SENT_AT,IS_EDITED,IMAGE_URL,IS_SYSTEM,IS_EMOTICON) values (64,7,1,'ㅇㅅㅇ','Y','N',null,to_date('26/06/02','RR/MM/DD'),'N',null,'N','N');
Insert into SYSTEM.CHAT_MESSAGES (MESSAGE_ID,ROOM_ID,SENDER_ID,MESSAGE,IS_READ,IS_DELETED,DEL_USER_ID,SENT_AT,IS_EDITED,IMAGE_URL,IS_SYSTEM,IS_EMOTICON) values (65,7,1,' ','Y','N',null,to_date('26/06/02','RR/MM/DD'),'N','/uploads/chat/1780371402912-384853157.png','N','N');
Insert into SYSTEM.CHAT_MESSAGES (MESSAGE_ID,ROOM_ID,SENDER_ID,MESSAGE,IS_READ,IS_DELETED,DEL_USER_ID,SENT_AT,IS_EDITED,IMAGE_URL,IS_SYSTEM,IS_EMOTICON) values (66,7,1,'엣','Y','N',null,to_date('26/06/02','RR/MM/DD'),'N',null,'N','N');
Insert into SYSTEM.CHAT_MESSAGES (MESSAGE_ID,ROOM_ID,SENDER_ID,MESSAGE,IS_READ,IS_DELETED,DEL_USER_ID,SENT_AT,IS_EDITED,IMAGE_URL,IS_SYSTEM,IS_EMOTICON) values (67,8,1,'안녕하세요??','Y','N',null,to_date('26/06/02','RR/MM/DD'),'N',null,'N','N');
Insert into SYSTEM.CHAT_MESSAGES (MESSAGE_ID,ROOM_ID,SENDER_ID,MESSAGE,IS_READ,IS_DELETED,DEL_USER_ID,SENT_AT,IS_EDITED,IMAGE_URL,IS_SYSTEM,IS_EMOTICON) values (68,9,1,'채연님이 키위새, 붉은머리오목눈이, 오리깨객, 코딩고수님을 초대했습니다.','Y','N',null,to_date('26/06/02','RR/MM/DD'),'N',null,'Y','N');
Insert into SYSTEM.CHAT_MESSAGES (MESSAGE_ID,ROOM_ID,SENDER_ID,MESSAGE,IS_READ,IS_DELETED,DEL_USER_ID,SENT_AT,IS_EDITED,IMAGE_URL,IS_SYSTEM,IS_EMOTICON) values (69,9,1,'ㅎㅇㅎㅇ여','Y','N',null,to_date('26/06/02','RR/MM/DD'),'N',null,'N','N');
Insert into SYSTEM.CHAT_MESSAGES (MESSAGE_ID,ROOM_ID,SENDER_ID,MESSAGE,IS_READ,IS_DELETED,DEL_USER_ID,SENT_AT,IS_EDITED,IMAGE_URL,IS_SYSTEM,IS_EMOTICON) values (70,8,2,'넹~','Y','N',null,to_date('26/06/02','RR/MM/DD'),'N',null,'N','N');
Insert into SYSTEM.CHAT_MESSAGES (MESSAGE_ID,ROOM_ID,SENDER_ID,MESSAGE,IS_READ,IS_DELETED,DEL_USER_ID,SENT_AT,IS_EDITED,IMAGE_URL,IS_SYSTEM,IS_EMOTICON) values (71,8,2,'ㅎㅇㅎㅇ여','Y','N',null,to_date('26/06/02','RR/MM/DD'),'N',null,'N','N');
Insert into SYSTEM.CHAT_MESSAGES (MESSAGE_ID,ROOM_ID,SENDER_ID,MESSAGE,IS_READ,IS_DELETED,DEL_USER_ID,SENT_AT,IS_EDITED,IMAGE_URL,IS_SYSTEM,IS_EMOTICON) values (72,8,2,'지금','Y','N',null,to_date('26/06/02','RR/MM/DD'),'N',null,'N','N');
Insert into SYSTEM.CHAT_MESSAGES (MESSAGE_ID,ROOM_ID,SENDER_ID,MESSAGE,IS_READ,IS_DELETED,DEL_USER_ID,SENT_AT,IS_EDITED,IMAGE_URL,IS_SYSTEM,IS_EMOTICON) values (73,8,2,'머하세요','Y','N',null,to_date('26/06/02','RR/MM/DD'),'N',null,'N','N');
Insert into SYSTEM.CHAT_MESSAGES (MESSAGE_ID,ROOM_ID,SENDER_ID,MESSAGE,IS_READ,IS_DELETED,DEL_USER_ID,SENT_AT,IS_EDITED,IMAGE_URL,IS_SYSTEM,IS_EMOTICON) values (74,8,2,'ㅎㅇ','Y','N',null,to_date('26/06/02','RR/MM/DD'),'N',null,'N','N');
Insert into SYSTEM.CHAT_MESSAGES (MESSAGE_ID,ROOM_ID,SENDER_ID,MESSAGE,IS_READ,IS_DELETED,DEL_USER_ID,SENT_AT,IS_EDITED,IMAGE_URL,IS_SYSTEM,IS_EMOTICON) values (75,8,2,'ㅇ','Y','N',null,to_date('26/06/02','RR/MM/DD'),'N',null,'N','N');
Insert into SYSTEM.CHAT_MESSAGES (MESSAGE_ID,ROOM_ID,SENDER_ID,MESSAGE,IS_READ,IS_DELETED,DEL_USER_ID,SENT_AT,IS_EDITED,IMAGE_URL,IS_SYSTEM,IS_EMOTICON) values (76,8,2,'ㅇ','Y','N',null,to_date('26/06/02','RR/MM/DD'),'N',null,'N','N');
Insert into SYSTEM.CHAT_MESSAGES (MESSAGE_ID,ROOM_ID,SENDER_ID,MESSAGE,IS_READ,IS_DELETED,DEL_USER_ID,SENT_AT,IS_EDITED,IMAGE_URL,IS_SYSTEM,IS_EMOTICON) values (77,8,2,'ㅇ','Y','N',null,to_date('26/06/02','RR/MM/DD'),'N',null,'N','N');
Insert into SYSTEM.CHAT_MESSAGES (MESSAGE_ID,ROOM_ID,SENDER_ID,MESSAGE,IS_READ,IS_DELETED,DEL_USER_ID,SENT_AT,IS_EDITED,IMAGE_URL,IS_SYSTEM,IS_EMOTICON) values (78,8,2,'ㅇ','Y','N',null,to_date('26/06/02','RR/MM/DD'),'N',null,'N','N');
Insert into SYSTEM.CHAT_MESSAGES (MESSAGE_ID,ROOM_ID,SENDER_ID,MESSAGE,IS_READ,IS_DELETED,DEL_USER_ID,SENT_AT,IS_EDITED,IMAGE_URL,IS_SYSTEM,IS_EMOTICON) values (79,8,2,'에','Y','N',null,to_date('26/06/02','RR/MM/DD'),'N',null,'N','N');
Insert into SYSTEM.CHAT_MESSAGES (MESSAGE_ID,ROOM_ID,SENDER_ID,MESSAGE,IS_READ,IS_DELETED,DEL_USER_ID,SENT_AT,IS_EDITED,IMAGE_URL,IS_SYSTEM,IS_EMOTICON) values (80,8,2,'엥','Y','N',null,to_date('26/06/02','RR/MM/DD'),'N',null,'N','N');
Insert into SYSTEM.CHAT_MESSAGES (MESSAGE_ID,ROOM_ID,SENDER_ID,MESSAGE,IS_READ,IS_DELETED,DEL_USER_ID,SENT_AT,IS_EDITED,IMAGE_URL,IS_SYSTEM,IS_EMOTICON) values (81,8,2,'ㅇ','Y','N',null,to_date('26/06/02','RR/MM/DD'),'N',null,'N','N');
Insert into SYSTEM.CHAT_MESSAGES (MESSAGE_ID,ROOM_ID,SENDER_ID,MESSAGE,IS_READ,IS_DELETED,DEL_USER_ID,SENT_AT,IS_EDITED,IMAGE_URL,IS_SYSTEM,IS_EMOTICON) values (82,8,2,'ㅇ','Y','N',null,to_date('26/06/02','RR/MM/DD'),'N',null,'N','N');
Insert into SYSTEM.CHAT_MESSAGES (MESSAGE_ID,ROOM_ID,SENDER_ID,MESSAGE,IS_READ,IS_DELETED,DEL_USER_ID,SENT_AT,IS_EDITED,IMAGE_URL,IS_SYSTEM,IS_EMOTICON) values (83,8,2,'ㅇ','Y','N',null,to_date('26/06/02','RR/MM/DD'),'N',null,'N','N');
Insert into SYSTEM.CHAT_MESSAGES (MESSAGE_ID,ROOM_ID,SENDER_ID,MESSAGE,IS_READ,IS_DELETED,DEL_USER_ID,SENT_AT,IS_EDITED,IMAGE_URL,IS_SYSTEM,IS_EMOTICON) values (84,8,2,'에','Y','N',null,to_date('26/06/02','RR/MM/DD'),'N',null,'N','N');
Insert into SYSTEM.CHAT_MESSAGES (MESSAGE_ID,ROOM_ID,SENDER_ID,MESSAGE,IS_READ,IS_DELETED,DEL_USER_ID,SENT_AT,IS_EDITED,IMAGE_URL,IS_SYSTEM,IS_EMOTICON) values (85,8,2,'ㅇ','Y','N',null,to_date('26/06/02','RR/MM/DD'),'N',null,'N','N');
Insert into SYSTEM.CHAT_MESSAGES (MESSAGE_ID,ROOM_ID,SENDER_ID,MESSAGE,IS_READ,IS_DELETED,DEL_USER_ID,SENT_AT,IS_EDITED,IMAGE_URL,IS_SYSTEM,IS_EMOTICON) values (86,8,2,'ㅇ','Y','N',null,to_date('26/06/02','RR/MM/DD'),'N',null,'N','N');
Insert into SYSTEM.CHAT_MESSAGES (MESSAGE_ID,ROOM_ID,SENDER_ID,MESSAGE,IS_READ,IS_DELETED,DEL_USER_ID,SENT_AT,IS_EDITED,IMAGE_URL,IS_SYSTEM,IS_EMOTICON) values (87,8,2,'ㅇ','Y','N',null,to_date('26/06/02','RR/MM/DD'),'N',null,'N','N');
Insert into SYSTEM.CHAT_MESSAGES (MESSAGE_ID,ROOM_ID,SENDER_ID,MESSAGE,IS_READ,IS_DELETED,DEL_USER_ID,SENT_AT,IS_EDITED,IMAGE_URL,IS_SYSTEM,IS_EMOTICON) values (88,8,2,'ㅇ','Y','N',null,to_date('26/06/02','RR/MM/DD'),'N',null,'N','N');
Insert into SYSTEM.CHAT_MESSAGES (MESSAGE_ID,ROOM_ID,SENDER_ID,MESSAGE,IS_READ,IS_DELETED,DEL_USER_ID,SENT_AT,IS_EDITED,IMAGE_URL,IS_SYSTEM,IS_EMOTICON) values (89,8,2,'ㅇ','Y','N',null,to_date('26/06/02','RR/MM/DD'),'N',null,'N','N');
Insert into SYSTEM.CHAT_MESSAGES (MESSAGE_ID,ROOM_ID,SENDER_ID,MESSAGE,IS_READ,IS_DELETED,DEL_USER_ID,SENT_AT,IS_EDITED,IMAGE_URL,IS_SYSTEM,IS_EMOTICON) values (90,8,2,'ㅇ','Y','N',null,to_date('26/06/02','RR/MM/DD'),'N',null,'N','N');
Insert into SYSTEM.CHAT_MESSAGES (MESSAGE_ID,ROOM_ID,SENDER_ID,MESSAGE,IS_READ,IS_DELETED,DEL_USER_ID,SENT_AT,IS_EDITED,IMAGE_URL,IS_SYSTEM,IS_EMOTICON) values (91,8,2,'ㅇ','Y','N',null,to_date('26/06/02','RR/MM/DD'),'N',null,'N','N');
Insert into SYSTEM.CHAT_MESSAGES (MESSAGE_ID,ROOM_ID,SENDER_ID,MESSAGE,IS_READ,IS_DELETED,DEL_USER_ID,SENT_AT,IS_EDITED,IMAGE_URL,IS_SYSTEM,IS_EMOTICON) values (92,8,2,'ㅇ','Y','N',null,to_date('26/06/02','RR/MM/DD'),'N',null,'N','N');
Insert into SYSTEM.CHAT_MESSAGES (MESSAGE_ID,ROOM_ID,SENDER_ID,MESSAGE,IS_READ,IS_DELETED,DEL_USER_ID,SENT_AT,IS_EDITED,IMAGE_URL,IS_SYSTEM,IS_EMOTICON) values (93,8,1,'ㅇ','Y','N',null,to_date('26/06/02','RR/MM/DD'),'N',null,'N','N');
Insert into SYSTEM.CHAT_MESSAGES (MESSAGE_ID,ROOM_ID,SENDER_ID,MESSAGE,IS_READ,IS_DELETED,DEL_USER_ID,SENT_AT,IS_EDITED,IMAGE_URL,IS_SYSTEM,IS_EMOTICON) values (94,8,1,'ㅇ','Y','N',null,to_date('26/06/02','RR/MM/DD'),'N',null,'N','N');
Insert into SYSTEM.CHAT_MESSAGES (MESSAGE_ID,ROOM_ID,SENDER_ID,MESSAGE,IS_READ,IS_DELETED,DEL_USER_ID,SENT_AT,IS_EDITED,IMAGE_URL,IS_SYSTEM,IS_EMOTICON) values (95,8,1,'ㅇ','Y','N',null,to_date('26/06/02','RR/MM/DD'),'N',null,'N','N');
Insert into SYSTEM.CHAT_MESSAGES (MESSAGE_ID,ROOM_ID,SENDER_ID,MESSAGE,IS_READ,IS_DELETED,DEL_USER_ID,SENT_AT,IS_EDITED,IMAGE_URL,IS_SYSTEM,IS_EMOTICON) values (96,8,1,'ㅇ','Y','N',null,to_date('26/06/02','RR/MM/DD'),'N',null,'N','N');
Insert into SYSTEM.CHAT_MESSAGES (MESSAGE_ID,ROOM_ID,SENDER_ID,MESSAGE,IS_READ,IS_DELETED,DEL_USER_ID,SENT_AT,IS_EDITED,IMAGE_URL,IS_SYSTEM,IS_EMOTICON) values (97,8,1,'ㅇ','Y','N',null,to_date('26/06/02','RR/MM/DD'),'N',null,'N','N');
Insert into SYSTEM.CHAT_MESSAGES (MESSAGE_ID,ROOM_ID,SENDER_ID,MESSAGE,IS_READ,IS_DELETED,DEL_USER_ID,SENT_AT,IS_EDITED,IMAGE_URL,IS_SYSTEM,IS_EMOTICON) values (98,8,1,'?','Y','N',null,to_date('26/06/02','RR/MM/DD'),'N',null,'N','N');
Insert into SYSTEM.CHAT_MESSAGES (MESSAGE_ID,ROOM_ID,SENDER_ID,MESSAGE,IS_READ,IS_DELETED,DEL_USER_ID,SENT_AT,IS_EDITED,IMAGE_URL,IS_SYSTEM,IS_EMOTICON) values (99,8,2,'ㅇ?','Y','N',null,to_date('26/06/02','RR/MM/DD'),'N',null,'N','N');
Insert into SYSTEM.CHAT_MESSAGES (MESSAGE_ID,ROOM_ID,SENDER_ID,MESSAGE,IS_READ,IS_DELETED,DEL_USER_ID,SENT_AT,IS_EDITED,IMAGE_URL,IS_SYSTEM,IS_EMOTICON) values (100,8,2,'ㅇ','Y','N',null,to_date('26/06/02','RR/MM/DD'),'N',null,'N','N');
Insert into SYSTEM.CHAT_MESSAGES (MESSAGE_ID,ROOM_ID,SENDER_ID,MESSAGE,IS_READ,IS_DELETED,DEL_USER_ID,SENT_AT,IS_EDITED,IMAGE_URL,IS_SYSTEM,IS_EMOTICON) values (101,8,2,'ㅇ','Y','N',null,to_date('26/06/02','RR/MM/DD'),'N',null,'N','N');
Insert into SYSTEM.CHAT_MESSAGES (MESSAGE_ID,ROOM_ID,SENDER_ID,MESSAGE,IS_READ,IS_DELETED,DEL_USER_ID,SENT_AT,IS_EDITED,IMAGE_URL,IS_SYSTEM,IS_EMOTICON) values (102,8,2,'ㅇ','Y','N',null,to_date('26/06/02','RR/MM/DD'),'N',null,'N','N');
Insert into SYSTEM.CHAT_MESSAGES (MESSAGE_ID,ROOM_ID,SENDER_ID,MESSAGE,IS_READ,IS_DELETED,DEL_USER_ID,SENT_AT,IS_EDITED,IMAGE_URL,IS_SYSTEM,IS_EMOTICON) values (103,7,2,'야','Y','N',null,to_date('26/06/02','RR/MM/DD'),'N',null,'N','N');
Insert into SYSTEM.CHAT_MESSAGES (MESSAGE_ID,ROOM_ID,SENDER_ID,MESSAGE,IS_READ,IS_DELETED,DEL_USER_ID,SENT_AT,IS_EDITED,IMAGE_URL,IS_SYSTEM,IS_EMOTICON) values (104,7,2,'르','Y','N',null,to_date('26/06/02','RR/MM/DD'),'N',null,'N','N');
Insert into SYSTEM.CHAT_MESSAGES (MESSAGE_ID,ROOM_ID,SENDER_ID,MESSAGE,IS_READ,IS_DELETED,DEL_USER_ID,SENT_AT,IS_EDITED,IMAGE_URL,IS_SYSTEM,IS_EMOTICON) values (105,7,2,'야르','Y','N',1,to_date('26/06/02','RR/MM/DD'),'N',null,'N','N');
Insert into SYSTEM.CHAT_MESSAGES (MESSAGE_ID,ROOM_ID,SENDER_ID,MESSAGE,IS_READ,IS_DELETED,DEL_USER_ID,SENT_AT,IS_EDITED,IMAGE_URL,IS_SYSTEM,IS_EMOTICON) values (106,7,2,'르르','Y','N',1,to_date('26/06/02','RR/MM/DD'),'N',null,'N','N');
Insert into SYSTEM.CHAT_MESSAGES (MESSAGE_ID,ROOM_ID,SENDER_ID,MESSAGE,IS_READ,IS_DELETED,DEL_USER_ID,SENT_AT,IS_EDITED,IMAGE_URL,IS_SYSTEM,IS_EMOTICON) values (107,7,2,'헐','Y','N',null,to_date('26/06/02','RR/MM/DD'),'N',null,'N','N');
Insert into SYSTEM.CHAT_MESSAGES (MESSAGE_ID,ROOM_ID,SENDER_ID,MESSAGE,IS_READ,IS_DELETED,DEL_USER_ID,SENT_AT,IS_EDITED,IMAGE_URL,IS_SYSTEM,IS_EMOTICON) values (108,8,1,'ㅇ','N','N',null,to_date('26/06/02','RR/MM/DD'),'N',null,'N','N');
Insert into SYSTEM.CHAT_MESSAGES (MESSAGE_ID,ROOM_ID,SENDER_ID,MESSAGE,IS_READ,IS_DELETED,DEL_USER_ID,SENT_AT,IS_EDITED,IMAGE_URL,IS_SYSTEM,IS_EMOTICON) values (109,7,1,'ㅇ','Y','N',null,to_date('26/06/02','RR/MM/DD'),'N',null,'N','N');
Insert into SYSTEM.CHAT_MESSAGES (MESSAGE_ID,ROOM_ID,SENDER_ID,MESSAGE,IS_READ,IS_DELETED,DEL_USER_ID,SENT_AT,IS_EDITED,IMAGE_URL,IS_SYSTEM,IS_EMOTICON) values (110,9,1,'안녕하세우','Y','N',null,to_date('26/06/02','RR/MM/DD'),'N',null,'N','N');
Insert into SYSTEM.CHAT_MESSAGES (MESSAGE_ID,ROOM_ID,SENDER_ID,MESSAGE,IS_READ,IS_DELETED,DEL_USER_ID,SENT_AT,IS_EDITED,IMAGE_URL,IS_SYSTEM,IS_EMOTICON) values (111,9,1,'ㅎㅎ','Y','N',null,to_date('26/06/02','RR/MM/DD'),'N',null,'N','N');
Insert into SYSTEM.CHAT_MESSAGES (MESSAGE_ID,ROOM_ID,SENDER_ID,MESSAGE,IS_READ,IS_DELETED,DEL_USER_ID,SENT_AT,IS_EDITED,IMAGE_URL,IS_SYSTEM,IS_EMOTICON) values (112,9,1,'ㅠㅠ','Y','N',null,to_date('26/06/02','RR/MM/DD'),'N',null,'N','N');
Insert into SYSTEM.CHAT_MESSAGES (MESSAGE_ID,ROOM_ID,SENDER_ID,MESSAGE,IS_READ,IS_DELETED,DEL_USER_ID,SENT_AT,IS_EDITED,IMAGE_URL,IS_SYSTEM,IS_EMOTICON) values (113,9,1,'계세요?','Y','N',null,to_date('26/06/02','RR/MM/DD'),'N',null,'N','N');
Insert into SYSTEM.CHAT_MESSAGES (MESSAGE_ID,ROOM_ID,SENDER_ID,MESSAGE,IS_READ,IS_DELETED,DEL_USER_ID,SENT_AT,IS_EDITED,IMAGE_URL,IS_SYSTEM,IS_EMOTICON) values (114,9,1,'ㅠㅠ','Y','N',null,to_date('26/06/02','RR/MM/DD'),'N',null,'N','N');
Insert into SYSTEM.CHAT_MESSAGES (MESSAGE_ID,ROOM_ID,SENDER_ID,MESSAGE,IS_READ,IS_DELETED,DEL_USER_ID,SENT_AT,IS_EDITED,IMAGE_URL,IS_SYSTEM,IS_EMOTICON) values (115,9,1,'ㅠㅠ','Y','N',null,to_date('26/06/02','RR/MM/DD'),'N',null,'N','N');
Insert into SYSTEM.CHAT_MESSAGES (MESSAGE_ID,ROOM_ID,SENDER_ID,MESSAGE,IS_READ,IS_DELETED,DEL_USER_ID,SENT_AT,IS_EDITED,IMAGE_URL,IS_SYSTEM,IS_EMOTICON) values (116,9,1,'ㅠㅠ','Y','N',null,to_date('26/06/02','RR/MM/DD'),'N',null,'N','N');
Insert into SYSTEM.CHAT_MESSAGES (MESSAGE_ID,ROOM_ID,SENDER_ID,MESSAGE,IS_READ,IS_DELETED,DEL_USER_ID,SENT_AT,IS_EDITED,IMAGE_URL,IS_SYSTEM,IS_EMOTICON) values (117,9,1,'ㅠ퓨','Y','N',null,to_date('26/06/02','RR/MM/DD'),'N',null,'N','N');
Insert into SYSTEM.CHAT_MESSAGES (MESSAGE_ID,ROOM_ID,SENDER_ID,MESSAGE,IS_READ,IS_DELETED,DEL_USER_ID,SENT_AT,IS_EDITED,IMAGE_URL,IS_SYSTEM,IS_EMOTICON) values (118,9,1,'ㅎㅇ','Y','N',null,to_date('26/06/02','RR/MM/DD'),'N',null,'N','N');
Insert into SYSTEM.CHAT_MESSAGES (MESSAGE_ID,ROOM_ID,SENDER_ID,MESSAGE,IS_READ,IS_DELETED,DEL_USER_ID,SENT_AT,IS_EDITED,IMAGE_URL,IS_SYSTEM,IS_EMOTICON) values (119,9,1,'ㅎㅇ','Y','N',null,to_date('26/06/02','RR/MM/DD'),'N',null,'N','N');
Insert into SYSTEM.CHAT_MESSAGES (MESSAGE_ID,ROOM_ID,SENDER_ID,MESSAGE,IS_READ,IS_DELETED,DEL_USER_ID,SENT_AT,IS_EDITED,IMAGE_URL,IS_SYSTEM,IS_EMOTICON) values (120,9,1,'ㅎㅇ','Y','N',null,to_date('26/06/02','RR/MM/DD'),'N',null,'N','N');
Insert into SYSTEM.CHAT_MESSAGES (MESSAGE_ID,ROOM_ID,SENDER_ID,MESSAGE,IS_READ,IS_DELETED,DEL_USER_ID,SENT_AT,IS_EDITED,IMAGE_URL,IS_SYSTEM,IS_EMOTICON) values (121,9,1,'ㅎ.','Y','N',null,to_date('26/06/02','RR/MM/DD'),'N',null,'N','N');
Insert into SYSTEM.CHAT_MESSAGES (MESSAGE_ID,ROOM_ID,SENDER_ID,MESSAGE,IS_READ,IS_DELETED,DEL_USER_ID,SENT_AT,IS_EDITED,IMAGE_URL,IS_SYSTEM,IS_EMOTICON) values (122,9,1,'ㅎ.','Y','N',null,to_date('26/06/02','RR/MM/DD'),'N',null,'N','N');
Insert into SYSTEM.CHAT_MESSAGES (MESSAGE_ID,ROOM_ID,SENDER_ID,MESSAGE,IS_READ,IS_DELETED,DEL_USER_ID,SENT_AT,IS_EDITED,IMAGE_URL,IS_SYSTEM,IS_EMOTICON) values (123,9,1,'ㅎ','Y','N',null,to_date('26/06/02','RR/MM/DD'),'N',null,'N','N');
Insert into SYSTEM.CHAT_MESSAGES (MESSAGE_ID,ROOM_ID,SENDER_ID,MESSAGE,IS_READ,IS_DELETED,DEL_USER_ID,SENT_AT,IS_EDITED,IMAGE_URL,IS_SYSTEM,IS_EMOTICON) values (124,9,1,'ㄴ','Y','N',null,to_date('26/06/02','RR/MM/DD'),'N',null,'N','N');
Insert into SYSTEM.CHAT_MESSAGES (MESSAGE_ID,ROOM_ID,SENDER_ID,MESSAGE,IS_READ,IS_DELETED,DEL_USER_ID,SENT_AT,IS_EDITED,IMAGE_URL,IS_SYSTEM,IS_EMOTICON) values (125,9,1,'ㄴ','Y','N',null,to_date('26/06/02','RR/MM/DD'),'N',null,'N','N');
Insert into SYSTEM.CHAT_MESSAGES (MESSAGE_ID,ROOM_ID,SENDER_ID,MESSAGE,IS_READ,IS_DELETED,DEL_USER_ID,SENT_AT,IS_EDITED,IMAGE_URL,IS_SYSTEM,IS_EMOTICON) values (126,9,1,'ㄴ','Y','N',null,to_date('26/06/02','RR/MM/DD'),'N',null,'N','N');
Insert into SYSTEM.CHAT_MESSAGES (MESSAGE_ID,ROOM_ID,SENDER_ID,MESSAGE,IS_READ,IS_DELETED,DEL_USER_ID,SENT_AT,IS_EDITED,IMAGE_URL,IS_SYSTEM,IS_EMOTICON) values (127,9,1,'ㅂ','Y','N',null,to_date('26/06/02','RR/MM/DD'),'N',null,'N','N');
Insert into SYSTEM.CHAT_MESSAGES (MESSAGE_ID,ROOM_ID,SENDER_ID,MESSAGE,IS_READ,IS_DELETED,DEL_USER_ID,SENT_AT,IS_EDITED,IMAGE_URL,IS_SYSTEM,IS_EMOTICON) values (128,9,1,'ㅂ','Y','N',null,to_date('26/06/02','RR/MM/DD'),'N',null,'N','N');
Insert into SYSTEM.CHAT_MESSAGES (MESSAGE_ID,ROOM_ID,SENDER_ID,MESSAGE,IS_READ,IS_DELETED,DEL_USER_ID,SENT_AT,IS_EDITED,IMAGE_URL,IS_SYSTEM,IS_EMOTICON) values (129,9,1,'ㅂ','Y','N',null,to_date('26/06/02','RR/MM/DD'),'N',null,'N','N');
Insert into SYSTEM.CHAT_MESSAGES (MESSAGE_ID,ROOM_ID,SENDER_ID,MESSAGE,IS_READ,IS_DELETED,DEL_USER_ID,SENT_AT,IS_EDITED,IMAGE_URL,IS_SYSTEM,IS_EMOTICON) values (130,9,1,'ㅂ','Y','N',null,to_date('26/06/02','RR/MM/DD'),'N',null,'N','N');
Insert into SYSTEM.CHAT_MESSAGES (MESSAGE_ID,ROOM_ID,SENDER_ID,MESSAGE,IS_READ,IS_DELETED,DEL_USER_ID,SENT_AT,IS_EDITED,IMAGE_URL,IS_SYSTEM,IS_EMOTICON) values (131,9,1,'ㅂ','Y','N',null,to_date('26/06/02','RR/MM/DD'),'N',null,'N','N');
Insert into SYSTEM.CHAT_MESSAGES (MESSAGE_ID,ROOM_ID,SENDER_ID,MESSAGE,IS_READ,IS_DELETED,DEL_USER_ID,SENT_AT,IS_EDITED,IMAGE_URL,IS_SYSTEM,IS_EMOTICON) values (132,9,1,'ㅀ','Y','N',null,to_date('26/06/02','RR/MM/DD'),'N',null,'N','N');
Insert into SYSTEM.CHAT_MESSAGES (MESSAGE_ID,ROOM_ID,SENDER_ID,MESSAGE,IS_READ,IS_DELETED,DEL_USER_ID,SENT_AT,IS_EDITED,IMAGE_URL,IS_SYSTEM,IS_EMOTICON) values (133,9,1,'ㅎ','Y','N',null,to_date('26/06/02','RR/MM/DD'),'N',null,'N','N');
Insert into SYSTEM.CHAT_MESSAGES (MESSAGE_ID,ROOM_ID,SENDER_ID,MESSAGE,IS_READ,IS_DELETED,DEL_USER_ID,SENT_AT,IS_EDITED,IMAGE_URL,IS_SYSTEM,IS_EMOTICON) values (134,9,1,'ㅇ','Y','N',null,to_date('26/06/02','RR/MM/DD'),'N',null,'N','N');
Insert into SYSTEM.CHAT_MESSAGES (MESSAGE_ID,ROOM_ID,SENDER_ID,MESSAGE,IS_READ,IS_DELETED,DEL_USER_ID,SENT_AT,IS_EDITED,IMAGE_URL,IS_SYSTEM,IS_EMOTICON) values (135,9,1,'ㄷㄱㅈㄷㄱ','Y','N',null,to_date('26/06/02','RR/MM/DD'),'N',null,'N','N');
Insert into SYSTEM.CHAT_MESSAGES (MESSAGE_ID,ROOM_ID,SENDER_ID,MESSAGE,IS_READ,IS_DELETED,DEL_USER_ID,SENT_AT,IS_EDITED,IMAGE_URL,IS_SYSTEM,IS_EMOTICON) values (136,9,1,'ㅇ','Y','N',null,to_date('26/06/02','RR/MM/DD'),'N',null,'N','N');
Insert into SYSTEM.CHAT_MESSAGES (MESSAGE_ID,ROOM_ID,SENDER_ID,MESSAGE,IS_READ,IS_DELETED,DEL_USER_ID,SENT_AT,IS_EDITED,IMAGE_URL,IS_SYSTEM,IS_EMOTICON) values (137,9,1,'ㅇ','Y','N',null,to_date('26/06/02','RR/MM/DD'),'N',null,'N','N');
Insert into SYSTEM.CHAT_MESSAGES (MESSAGE_ID,ROOM_ID,SENDER_ID,MESSAGE,IS_READ,IS_DELETED,DEL_USER_ID,SENT_AT,IS_EDITED,IMAGE_URL,IS_SYSTEM,IS_EMOTICON) values (138,9,1,'ㅇ','Y','N',null,to_date('26/06/02','RR/MM/DD'),'N',null,'N','N');
Insert into SYSTEM.CHAT_MESSAGES (MESSAGE_ID,ROOM_ID,SENDER_ID,MESSAGE,IS_READ,IS_DELETED,DEL_USER_ID,SENT_AT,IS_EDITED,IMAGE_URL,IS_SYSTEM,IS_EMOTICON) values (139,9,1,'ㅇ','Y','N',null,to_date('26/06/02','RR/MM/DD'),'N',null,'N','N');
Insert into SYSTEM.CHAT_MESSAGES (MESSAGE_ID,ROOM_ID,SENDER_ID,MESSAGE,IS_READ,IS_DELETED,DEL_USER_ID,SENT_AT,IS_EDITED,IMAGE_URL,IS_SYSTEM,IS_EMOTICON) values (140,9,1,'ㅇㅇ','Y','N',null,to_date('26/06/02','RR/MM/DD'),'N',null,'N','N');
Insert into SYSTEM.CHAT_MESSAGES (MESSAGE_ID,ROOM_ID,SENDER_ID,MESSAGE,IS_READ,IS_DELETED,DEL_USER_ID,SENT_AT,IS_EDITED,IMAGE_URL,IS_SYSTEM,IS_EMOTICON) values (141,9,1,'ㅇ','Y','N',null,to_date('26/06/02','RR/MM/DD'),'N',null,'N','N');
Insert into SYSTEM.CHAT_MESSAGES (MESSAGE_ID,ROOM_ID,SENDER_ID,MESSAGE,IS_READ,IS_DELETED,DEL_USER_ID,SENT_AT,IS_EDITED,IMAGE_URL,IS_SYSTEM,IS_EMOTICON) values (142,9,1,'ㅇ','Y','N',null,to_date('26/06/02','RR/MM/DD'),'N',null,'N','N');
Insert into SYSTEM.CHAT_MESSAGES (MESSAGE_ID,ROOM_ID,SENDER_ID,MESSAGE,IS_READ,IS_DELETED,DEL_USER_ID,SENT_AT,IS_EDITED,IMAGE_URL,IS_SYSTEM,IS_EMOTICON) values (143,9,1,'ㅇ','Y','N',null,to_date('26/06/02','RR/MM/DD'),'N',null,'N','N');
Insert into SYSTEM.CHAT_MESSAGES (MESSAGE_ID,ROOM_ID,SENDER_ID,MESSAGE,IS_READ,IS_DELETED,DEL_USER_ID,SENT_AT,IS_EDITED,IMAGE_URL,IS_SYSTEM,IS_EMOTICON) values (144,9,1,'ㅇ','Y','N',null,to_date('26/06/02','RR/MM/DD'),'N',null,'N','N');
Insert into SYSTEM.CHAT_MESSAGES (MESSAGE_ID,ROOM_ID,SENDER_ID,MESSAGE,IS_READ,IS_DELETED,DEL_USER_ID,SENT_AT,IS_EDITED,IMAGE_URL,IS_SYSTEM,IS_EMOTICON) values (145,9,1,'ㅇ','Y','N',null,to_date('26/06/02','RR/MM/DD'),'N',null,'N','N');
Insert into SYSTEM.CHAT_MESSAGES (MESSAGE_ID,ROOM_ID,SENDER_ID,MESSAGE,IS_READ,IS_DELETED,DEL_USER_ID,SENT_AT,IS_EDITED,IMAGE_URL,IS_SYSTEM,IS_EMOTICON) values (146,9,1,'ㅇ','Y','N',null,to_date('26/06/02','RR/MM/DD'),'N',null,'N','N');
Insert into SYSTEM.CHAT_MESSAGES (MESSAGE_ID,ROOM_ID,SENDER_ID,MESSAGE,IS_READ,IS_DELETED,DEL_USER_ID,SENT_AT,IS_EDITED,IMAGE_URL,IS_SYSTEM,IS_EMOTICON) values (147,9,1,'ㅇ','Y','N',null,to_date('26/06/02','RR/MM/DD'),'N',null,'N','N');
Insert into SYSTEM.CHAT_MESSAGES (MESSAGE_ID,ROOM_ID,SENDER_ID,MESSAGE,IS_READ,IS_DELETED,DEL_USER_ID,SENT_AT,IS_EDITED,IMAGE_URL,IS_SYSTEM,IS_EMOTICON) values (148,9,1,'ㅇ','Y','N',null,to_date('26/06/02','RR/MM/DD'),'N',null,'N','N');
Insert into SYSTEM.CHAT_MESSAGES (MESSAGE_ID,ROOM_ID,SENDER_ID,MESSAGE,IS_READ,IS_DELETED,DEL_USER_ID,SENT_AT,IS_EDITED,IMAGE_URL,IS_SYSTEM,IS_EMOTICON) values (149,9,1,'ㅇㅇ','Y','N',null,to_date('26/06/02','RR/MM/DD'),'N',null,'N','N');
Insert into SYSTEM.CHAT_MESSAGES (MESSAGE_ID,ROOM_ID,SENDER_ID,MESSAGE,IS_READ,IS_DELETED,DEL_USER_ID,SENT_AT,IS_EDITED,IMAGE_URL,IS_SYSTEM,IS_EMOTICON) values (150,9,1,'ㅇㅇ','Y','N',null,to_date('26/06/02','RR/MM/DD'),'N',null,'N','N');
Insert into SYSTEM.CHAT_MESSAGES (MESSAGE_ID,ROOM_ID,SENDER_ID,MESSAGE,IS_READ,IS_DELETED,DEL_USER_ID,SENT_AT,IS_EDITED,IMAGE_URL,IS_SYSTEM,IS_EMOTICON) values (151,9,1,'ㅇㅇㅇ','Y','N',null,to_date('26/06/02','RR/MM/DD'),'N',null,'N','N');
Insert into SYSTEM.CHAT_MESSAGES (MESSAGE_ID,ROOM_ID,SENDER_ID,MESSAGE,IS_READ,IS_DELETED,DEL_USER_ID,SENT_AT,IS_EDITED,IMAGE_URL,IS_SYSTEM,IS_EMOTICON) values (152,9,1,'ㅇㅇㅇㅇ','Y','N',null,to_date('26/06/02','RR/MM/DD'),'N',null,'N','N');
Insert into SYSTEM.CHAT_MESSAGES (MESSAGE_ID,ROOM_ID,SENDER_ID,MESSAGE,IS_READ,IS_DELETED,DEL_USER_ID,SENT_AT,IS_EDITED,IMAGE_URL,IS_SYSTEM,IS_EMOTICON) values (153,9,1,'1','Y','N',null,to_date('26/06/02','RR/MM/DD'),'N',null,'N','N');
Insert into SYSTEM.CHAT_MESSAGES (MESSAGE_ID,ROOM_ID,SENDER_ID,MESSAGE,IS_READ,IS_DELETED,DEL_USER_ID,SENT_AT,IS_EDITED,IMAGE_URL,IS_SYSTEM,IS_EMOTICON) values (154,9,1,'2','Y','N',null,to_date('26/06/02','RR/MM/DD'),'N',null,'N','N');
Insert into SYSTEM.CHAT_MESSAGES (MESSAGE_ID,ROOM_ID,SENDER_ID,MESSAGE,IS_READ,IS_DELETED,DEL_USER_ID,SENT_AT,IS_EDITED,IMAGE_URL,IS_SYSTEM,IS_EMOTICON) values (155,9,1,'3','Y','N',null,to_date('26/06/02','RR/MM/DD'),'N',null,'N','N');
Insert into SYSTEM.CHAT_MESSAGES (MESSAGE_ID,ROOM_ID,SENDER_ID,MESSAGE,IS_READ,IS_DELETED,DEL_USER_ID,SENT_AT,IS_EDITED,IMAGE_URL,IS_SYSTEM,IS_EMOTICON) values (156,9,1,'45','Y','N',null,to_date('26/06/02','RR/MM/DD'),'N',null,'N','N');
Insert into SYSTEM.CHAT_MESSAGES (MESSAGE_ID,ROOM_ID,SENDER_ID,MESSAGE,IS_READ,IS_DELETED,DEL_USER_ID,SENT_AT,IS_EDITED,IMAGE_URL,IS_SYSTEM,IS_EMOTICON) values (157,9,1,'5','Y','N',null,to_date('26/06/02','RR/MM/DD'),'N',null,'N','N');
Insert into SYSTEM.CHAT_MESSAGES (MESSAGE_ID,ROOM_ID,SENDER_ID,MESSAGE,IS_READ,IS_DELETED,DEL_USER_ID,SENT_AT,IS_EDITED,IMAGE_URL,IS_SYSTEM,IS_EMOTICON) values (158,9,1,'1','Y','N',null,to_date('26/06/02','RR/MM/DD'),'N',null,'N','N');
Insert into SYSTEM.CHAT_MESSAGES (MESSAGE_ID,ROOM_ID,SENDER_ID,MESSAGE,IS_READ,IS_DELETED,DEL_USER_ID,SENT_AT,IS_EDITED,IMAGE_URL,IS_SYSTEM,IS_EMOTICON) values (159,9,1,'2','Y','N',null,to_date('26/06/02','RR/MM/DD'),'N',null,'N','N');
Insert into SYSTEM.CHAT_MESSAGES (MESSAGE_ID,ROOM_ID,SENDER_ID,MESSAGE,IS_READ,IS_DELETED,DEL_USER_ID,SENT_AT,IS_EDITED,IMAGE_URL,IS_SYSTEM,IS_EMOTICON) values (160,9,1,'3','Y','N',null,to_date('26/06/02','RR/MM/DD'),'N',null,'N','N');
Insert into SYSTEM.CHAT_MESSAGES (MESSAGE_ID,ROOM_ID,SENDER_ID,MESSAGE,IS_READ,IS_DELETED,DEL_USER_ID,SENT_AT,IS_EDITED,IMAGE_URL,IS_SYSTEM,IS_EMOTICON) values (161,9,1,'4','Y','N',null,to_date('26/06/02','RR/MM/DD'),'N',null,'N','N');
Insert into SYSTEM.CHAT_MESSAGES (MESSAGE_ID,ROOM_ID,SENDER_ID,MESSAGE,IS_READ,IS_DELETED,DEL_USER_ID,SENT_AT,IS_EDITED,IMAGE_URL,IS_SYSTEM,IS_EMOTICON) values (162,9,1,'5','Y','N',null,to_date('26/06/02','RR/MM/DD'),'N',null,'N','N');
Insert into SYSTEM.CHAT_MESSAGES (MESSAGE_ID,ROOM_ID,SENDER_ID,MESSAGE,IS_READ,IS_DELETED,DEL_USER_ID,SENT_AT,IS_EDITED,IMAGE_URL,IS_SYSTEM,IS_EMOTICON) values (163,9,1,'1','Y','N',null,to_date('26/06/02','RR/MM/DD'),'N',null,'N','N');
Insert into SYSTEM.CHAT_MESSAGES (MESSAGE_ID,ROOM_ID,SENDER_ID,MESSAGE,IS_READ,IS_DELETED,DEL_USER_ID,SENT_AT,IS_EDITED,IMAGE_URL,IS_SYSTEM,IS_EMOTICON) values (164,9,1,'2','Y','N',null,to_date('26/06/02','RR/MM/DD'),'N',null,'N','N');
Insert into SYSTEM.CHAT_MESSAGES (MESSAGE_ID,ROOM_ID,SENDER_ID,MESSAGE,IS_READ,IS_DELETED,DEL_USER_ID,SENT_AT,IS_EDITED,IMAGE_URL,IS_SYSTEM,IS_EMOTICON) values (165,9,1,'1','Y','N',null,to_date('26/06/02','RR/MM/DD'),'N',null,'N','N');
Insert into SYSTEM.CHAT_MESSAGES (MESSAGE_ID,ROOM_ID,SENDER_ID,MESSAGE,IS_READ,IS_DELETED,DEL_USER_ID,SENT_AT,IS_EDITED,IMAGE_URL,IS_SYSTEM,IS_EMOTICON) values (166,9,1,'2','Y','N',null,to_date('26/06/02','RR/MM/DD'),'N',null,'N','N');
Insert into SYSTEM.CHAT_MESSAGES (MESSAGE_ID,ROOM_ID,SENDER_ID,MESSAGE,IS_READ,IS_DELETED,DEL_USER_ID,SENT_AT,IS_EDITED,IMAGE_URL,IS_SYSTEM,IS_EMOTICON) values (167,9,1,'3','Y','N',null,to_date('26/06/02','RR/MM/DD'),'N',null,'N','N');
Insert into SYSTEM.CHAT_MESSAGES (MESSAGE_ID,ROOM_ID,SENDER_ID,MESSAGE,IS_READ,IS_DELETED,DEL_USER_ID,SENT_AT,IS_EDITED,IMAGE_URL,IS_SYSTEM,IS_EMOTICON) values (168,9,1,'4','Y','N',null,to_date('26/06/02','RR/MM/DD'),'N',null,'N','N');
Insert into SYSTEM.CHAT_MESSAGES (MESSAGE_ID,ROOM_ID,SENDER_ID,MESSAGE,IS_READ,IS_DELETED,DEL_USER_ID,SENT_AT,IS_EDITED,IMAGE_URL,IS_SYSTEM,IS_EMOTICON) values (169,9,1,'5','Y','N',null,to_date('26/06/02','RR/MM/DD'),'N',null,'N','N');
Insert into SYSTEM.CHAT_MESSAGES (MESSAGE_ID,ROOM_ID,SENDER_ID,MESSAGE,IS_READ,IS_DELETED,DEL_USER_ID,SENT_AT,IS_EDITED,IMAGE_URL,IS_SYSTEM,IS_EMOTICON) values (170,9,1,'3','Y','N',null,to_date('26/06/02','RR/MM/DD'),'N',null,'N','N');
Insert into SYSTEM.CHAT_MESSAGES (MESSAGE_ID,ROOM_ID,SENDER_ID,MESSAGE,IS_READ,IS_DELETED,DEL_USER_ID,SENT_AT,IS_EDITED,IMAGE_URL,IS_SYSTEM,IS_EMOTICON) values (171,9,1,'3','Y','N',null,to_date('26/06/02','RR/MM/DD'),'N',null,'N','N');
Insert into SYSTEM.CHAT_MESSAGES (MESSAGE_ID,ROOM_ID,SENDER_ID,MESSAGE,IS_READ,IS_DELETED,DEL_USER_ID,SENT_AT,IS_EDITED,IMAGE_URL,IS_SYSTEM,IS_EMOTICON) values (172,9,1,'3','Y','N',null,to_date('26/06/02','RR/MM/DD'),'N',null,'N','N');
Insert into SYSTEM.CHAT_MESSAGES (MESSAGE_ID,ROOM_ID,SENDER_ID,MESSAGE,IS_READ,IS_DELETED,DEL_USER_ID,SENT_AT,IS_EDITED,IMAGE_URL,IS_SYSTEM,IS_EMOTICON) values (173,9,1,'3','Y','N',null,to_date('26/06/02','RR/MM/DD'),'N',null,'N','N');
Insert into SYSTEM.CHAT_MESSAGES (MESSAGE_ID,ROOM_ID,SENDER_ID,MESSAGE,IS_READ,IS_DELETED,DEL_USER_ID,SENT_AT,IS_EDITED,IMAGE_URL,IS_SYSTEM,IS_EMOTICON) values (174,9,1,'1','Y','N',null,to_date('26/06/02','RR/MM/DD'),'N',null,'N','N');
Insert into SYSTEM.CHAT_MESSAGES (MESSAGE_ID,ROOM_ID,SENDER_ID,MESSAGE,IS_READ,IS_DELETED,DEL_USER_ID,SENT_AT,IS_EDITED,IMAGE_URL,IS_SYSTEM,IS_EMOTICON) values (175,9,1,'2','Y','N',null,to_date('26/06/02','RR/MM/DD'),'N',null,'N','N');
Insert into SYSTEM.CHAT_MESSAGES (MESSAGE_ID,ROOM_ID,SENDER_ID,MESSAGE,IS_READ,IS_DELETED,DEL_USER_ID,SENT_AT,IS_EDITED,IMAGE_URL,IS_SYSTEM,IS_EMOTICON) values (176,9,1,'3','Y','N',null,to_date('26/06/02','RR/MM/DD'),'N',null,'N','N');
Insert into SYSTEM.CHAT_MESSAGES (MESSAGE_ID,ROOM_ID,SENDER_ID,MESSAGE,IS_READ,IS_DELETED,DEL_USER_ID,SENT_AT,IS_EDITED,IMAGE_URL,IS_SYSTEM,IS_EMOTICON) values (177,9,1,'4','Y','N',null,to_date('26/06/02','RR/MM/DD'),'N',null,'N','N');
Insert into SYSTEM.CHAT_MESSAGES (MESSAGE_ID,ROOM_ID,SENDER_ID,MESSAGE,IS_READ,IS_DELETED,DEL_USER_ID,SENT_AT,IS_EDITED,IMAGE_URL,IS_SYSTEM,IS_EMOTICON) values (178,9,1,'12','Y','N',null,to_date('26/06/02','RR/MM/DD'),'N',null,'N','N');
Insert into SYSTEM.CHAT_MESSAGES (MESSAGE_ID,ROOM_ID,SENDER_ID,MESSAGE,IS_READ,IS_DELETED,DEL_USER_ID,SENT_AT,IS_EDITED,IMAGE_URL,IS_SYSTEM,IS_EMOTICON) values (179,9,1,'31','Y','N',null,to_date('26/06/02','RR/MM/DD'),'N',null,'N','N');
Insert into SYSTEM.CHAT_MESSAGES (MESSAGE_ID,ROOM_ID,SENDER_ID,MESSAGE,IS_READ,IS_DELETED,DEL_USER_ID,SENT_AT,IS_EDITED,IMAGE_URL,IS_SYSTEM,IS_EMOTICON) values (180,9,1,'31','Y','N',null,to_date('26/06/02','RR/MM/DD'),'N',null,'N','N');
Insert into SYSTEM.CHAT_MESSAGES (MESSAGE_ID,ROOM_ID,SENDER_ID,MESSAGE,IS_READ,IS_DELETED,DEL_USER_ID,SENT_AT,IS_EDITED,IMAGE_URL,IS_SYSTEM,IS_EMOTICON) values (181,9,1,'2','Y','N',null,to_date('26/06/02','RR/MM/DD'),'N',null,'N','N');
Insert into SYSTEM.CHAT_MESSAGES (MESSAGE_ID,ROOM_ID,SENDER_ID,MESSAGE,IS_READ,IS_DELETED,DEL_USER_ID,SENT_AT,IS_EDITED,IMAGE_URL,IS_SYSTEM,IS_EMOTICON) values (182,9,1,'1','Y','N',null,to_date('26/06/02','RR/MM/DD'),'N',null,'N','N');
Insert into SYSTEM.CHAT_MESSAGES (MESSAGE_ID,ROOM_ID,SENDER_ID,MESSAGE,IS_READ,IS_DELETED,DEL_USER_ID,SENT_AT,IS_EDITED,IMAGE_URL,IS_SYSTEM,IS_EMOTICON) values (183,9,1,'2','Y','N',null,to_date('26/06/02','RR/MM/DD'),'N',null,'N','N');
Insert into SYSTEM.CHAT_MESSAGES (MESSAGE_ID,ROOM_ID,SENDER_ID,MESSAGE,IS_READ,IS_DELETED,DEL_USER_ID,SENT_AT,IS_EDITED,IMAGE_URL,IS_SYSTEM,IS_EMOTICON) values (184,9,1,'1','Y','N',null,to_date('26/06/02','RR/MM/DD'),'N',null,'N','N');
Insert into SYSTEM.CHAT_MESSAGES (MESSAGE_ID,ROOM_ID,SENDER_ID,MESSAGE,IS_READ,IS_DELETED,DEL_USER_ID,SENT_AT,IS_EDITED,IMAGE_URL,IS_SYSTEM,IS_EMOTICON) values (185,9,1,'2','Y','N',null,to_date('26/06/02','RR/MM/DD'),'N',null,'N','N');
Insert into SYSTEM.CHAT_MESSAGES (MESSAGE_ID,ROOM_ID,SENDER_ID,MESSAGE,IS_READ,IS_DELETED,DEL_USER_ID,SENT_AT,IS_EDITED,IMAGE_URL,IS_SYSTEM,IS_EMOTICON) values (186,9,1,'1','Y','N',null,to_date('26/06/02','RR/MM/DD'),'N',null,'N','N');
Insert into SYSTEM.CHAT_MESSAGES (MESSAGE_ID,ROOM_ID,SENDER_ID,MESSAGE,IS_READ,IS_DELETED,DEL_USER_ID,SENT_AT,IS_EDITED,IMAGE_URL,IS_SYSTEM,IS_EMOTICON) values (187,9,1,'2','Y','N',null,to_date('26/06/02','RR/MM/DD'),'N',null,'N','N');
Insert into SYSTEM.CHAT_MESSAGES (MESSAGE_ID,ROOM_ID,SENDER_ID,MESSAGE,IS_READ,IS_DELETED,DEL_USER_ID,SENT_AT,IS_EDITED,IMAGE_URL,IS_SYSTEM,IS_EMOTICON) values (188,7,1,'채연님이 채팅방 이름을 "야르릉"(으)로 변경했습니다.','Y','N',null,to_date('26/06/02','RR/MM/DD'),'N',null,'Y','N');
Insert into SYSTEM.CHAT_MESSAGES (MESSAGE_ID,ROOM_ID,SENDER_ID,MESSAGE,IS_READ,IS_DELETED,DEL_USER_ID,SENT_AT,IS_EDITED,IMAGE_URL,IS_SYSTEM,IS_EMOTICON) values (189,7,1,'야르','Y','N',null,to_date('26/06/02','RR/MM/DD'),'N',null,'N','N');
Insert into SYSTEM.CHAT_MESSAGES (MESSAGE_ID,ROOM_ID,SENDER_ID,MESSAGE,IS_READ,IS_DELETED,DEL_USER_ID,SENT_AT,IS_EDITED,IMAGE_URL,IS_SYSTEM,IS_EMOTICON) values (205,9,3,'여러분 혹시 다들 뭐하세요?','Y','N',null,to_date('26/06/08','RR/MM/DD'),'N',null,'N','N');
Insert into SYSTEM.CHAT_MESSAGES (MESSAGE_ID,ROOM_ID,SENDER_ID,MESSAGE,IS_READ,IS_DELETED,DEL_USER_ID,SENT_AT,IS_EDITED,IMAGE_URL,IS_SYSTEM,IS_EMOTICON) values (202,9,3,'네','Y','N',null,to_date('26/06/05','RR/MM/DD'),'N',null,'N','N');
Insert into SYSTEM.CHAT_MESSAGES (MESSAGE_ID,ROOM_ID,SENDER_ID,MESSAGE,IS_READ,IS_DELETED,DEL_USER_ID,SENT_AT,IS_EDITED,IMAGE_URL,IS_SYSTEM,IS_EMOTICON) values (206,9,3,'__SHARE__{"postId":61,"title":"올해 꼭 알아야 할 트렌드 키워드 Top 3","description":"<p>올해 비즈니스 판도를 바꿀 핵심 트렌드 3가지, 아직 모르시나요? 🚀\n바쁘시다면 일단 저장부터 해두세요!\n\n🤖 진짜를 찾아라, AI 진위 판별\nAI가 만든 완벽한 결과물이 쏟아지는 지금, 역설적으로 사람 냄새 나는 ''진정성''이 가장 강력한 무기입니다. 정교해진 AI 창작물 속에서 진짜 고객의 목소리와 숨결을 담아내는 디테일이 비즈니스의 성패를 가릅니다.\n\n🏕️ 뾰족하게 파고드는 초밀착 버티컬\n모두를 만족시키려는 대형 플랫폼의 시대는 저물고 있습니다. 특정 취향이나 관심사를 깊게 파고들어, 세심한 입문자 가이드부터 끈끈한 커뮤니티까지 꽉 잡아주는 딥한 타겟팅 서비스가 대세로 자리 잡았습니다.\n✨ 눈을 뗄 수 없는 몰입형 감성 UI\n이제 기능만 좋아서는 살아남기 힘듭니다. 투명하고 입체적인 글래스모피즘, 위트 있는 테마형 카드 디자인 등 머무는 내내 시각적인 즐거움을 선사하는 매력적인 웹 환경이 유저의 체류 시간을 폭발적으로 늘려줍니다.\n\n영감이 떠오르셨다면 내 프로젝트에 당장 어떻게 적용할지 지금 바로 기획해 보세요! 🔥</p><video src=\"http://localhost:3010/uploads/post/1780880453841-5xl76i6axul.mp4\" controls></video>","image":null,"isReel":true,"url":"http://localhost:3000/post/61","text":""}','Y','N',null,to_date('26/06/08','RR/MM/DD'),'N',null,'N','N');
Insert into SYSTEM.CHAT_MESSAGES (MESSAGE_ID,ROOM_ID,SENDER_ID,MESSAGE,IS_READ,IS_DELETED,DEL_USER_ID,SENT_AT,IS_EDITED,IMAGE_URL,IS_SYSTEM,IS_EMOTICON) values (204,10,1,'채연님이 채팅방을 나갔습니다.','N','N',1,to_date('26/06/05','RR/MM/DD'),'N',null,'Y','N');
Insert into SYSTEM.CHAT_MESSAGES (MESSAGE_ID,ROOM_ID,SENDER_ID,MESSAGE,IS_READ,IS_DELETED,DEL_USER_ID,SENT_AT,IS_EDITED,IMAGE_URL,IS_SYSTEM,IS_EMOTICON) values (207,9,3,'이 릴스 유익한 것 같아요','Y','N',null,to_date('26/06/08','RR/MM/DD'),'N',null,'N','N');
Insert into SYSTEM.CHAT_MESSAGES (MESSAGE_ID,ROOM_ID,SENDER_ID,MESSAGE,IS_READ,IS_DELETED,DEL_USER_ID,SENT_AT,IS_EDITED,IMAGE_URL,IS_SYSTEM,IS_EMOTICON) values (208,7,1,'__SHARE__{"postId":71,"description":"그게뭐냐면 .....................","image":null,"isReel":true,"url":"http://localhost:3000/post/71","text":""}','N','Y',null,to_date('26/06/08','RR/MM/DD'),'N',null,'N','N');
Insert into SYSTEM.CHAT_MESSAGES (MESSAGE_ID,ROOM_ID,SENDER_ID,MESSAGE,IS_READ,IS_DELETED,DEL_USER_ID,SENT_AT,IS_EDITED,IMAGE_URL,IS_SYSTEM,IS_EMOTICON) values (209,7,1,'__SHARE__{"postId":69,"description":"노트북 30%할인 중~~ 많관부","image":null,"isReel":true,"url":"http://localhost:3000/post/69","text":""}','N','Y',null,to_date('26/06/08','RR/MM/DD'),'N',null,'N','N');
Insert into SYSTEM.CHAT_MESSAGES (MESSAGE_ID,ROOM_ID,SENDER_ID,MESSAGE,IS_READ,IS_DELETED,DEL_USER_ID,SENT_AT,IS_EDITED,IMAGE_URL,IS_SYSTEM,IS_EMOTICON) values (210,7,1,'__SHARE__{"postId":71,"title":"성장하는 주니어를 위한 업무 최고 팁 3가지","description":"<p>그게뭐냐면 .....................</p><video src=\"http://localhost:3010/uploads/post/1780890805758-2quyor68mvy.mp4\" controls></video>","image":"/uploads/post/1780890805758-2quyor68mvy.mp4","isReel":true,"url":"http://localhost:3000/post/71","text":""}','N','N',null,to_date('26/06/08','RR/MM/DD'),'N',null,'N','N');
Insert into SYSTEM.CHAT_MESSAGES (MESSAGE_ID,ROOM_ID,SENDER_ID,MESSAGE,IS_READ,IS_DELETED,DEL_USER_ID,SENT_AT,IS_EDITED,IMAGE_URL,IS_SYSTEM,IS_EMOTICON) values (211,7,1,'릴스 올렸어요!','N','N',null,to_date('26/06/08','RR/MM/DD'),'N',null,'N','N');
Insert into SYSTEM.CHAT_MESSAGES (MESSAGE_ID,ROOM_ID,SENDER_ID,MESSAGE,IS_READ,IS_DELETED,DEL_USER_ID,SENT_AT,IS_EDITED,IMAGE_URL,IS_SYSTEM,IS_EMOTICON) values (212,9,5,'오 감사합니당~','Y','N',null,to_date('26/06/08','RR/MM/DD'),'N',null,'N','N');
Insert into SYSTEM.CHAT_MESSAGES (MESSAGE_ID,ROOM_ID,SENDER_ID,MESSAGE,IS_READ,IS_DELETED,DEL_USER_ID,SENT_AT,IS_EDITED,IMAGE_URL,IS_SYSTEM,IS_EMOTICON) values (213,9,1,'오 저도 방금 그거 떴는데~','Y','N',null,to_date('26/06/08','RR/MM/DD'),'N',null,'N','N');
Insert into SYSTEM.CHAT_MESSAGES (MESSAGE_ID,ROOM_ID,SENDER_ID,MESSAGE,IS_READ,IS_DELETED,DEL_USER_ID,SENT_AT,IS_EDITED,IMAGE_URL,IS_SYSTEM,IS_EMOTICON) values (214,9,5,'ㅋㅋㅋ 사실 저두요','Y','N',null,to_date('26/06/08','RR/MM/DD'),'N',null,'N','N');
Insert into SYSTEM.CHAT_MESSAGES (MESSAGE_ID,ROOM_ID,SENDER_ID,MESSAGE,IS_READ,IS_DELETED,DEL_USER_ID,SENT_AT,IS_EDITED,IMAGE_URL,IS_SYSTEM,IS_EMOTICON) values (215,9,1,'__EMOTICON__/uploads/emoticon/split_2_0.png','Y','N',null,to_date('26/06/08','RR/MM/DD'),'N',null,'N','Y');
Insert into SYSTEM.CHAT_MESSAGES (MESSAGE_ID,ROOM_ID,SENDER_ID,MESSAGE,IS_READ,IS_DELETED,DEL_USER_ID,SENT_AT,IS_EDITED,IMAGE_URL,IS_SYSTEM,IS_EMOTICON) values (216,8,1,'뭐해용','N','N',null,to_date('26/06/08','RR/MM/DD'),'N',null,'N','N');
Insert into SYSTEM.CHAT_MESSAGES (MESSAGE_ID,ROOM_ID,SENDER_ID,MESSAGE,IS_READ,IS_DELETED,DEL_USER_ID,SENT_AT,IS_EDITED,IMAGE_URL,IS_SYSTEM,IS_EMOTICON) values (217,9,5,'머해용 다들?','Y','N',null,to_date('26/06/08','RR/MM/DD'),'N',null,'N','N');
REM INSERTING into SYSTEM.CHAT_REACTIONS
SET DEFINE OFF;
Insert into SYSTEM.CHAT_REACTIONS (REACTION_ID,MESSAGE_ID,ROOM_ID,USER_ID,EMOJI,CREATED_AT) values (1,206,9,5,'👍',to_date('26/06/08','RR/MM/DD'));
Insert into SYSTEM.CHAT_REACTIONS (REACTION_ID,MESSAGE_ID,ROOM_ID,USER_ID,EMOJI,CREATED_AT) values (2,206,9,5,'❤️',to_date('26/06/08','RR/MM/DD'));
REM INSERTING into SYSTEM.CHAT_ROOM_SETTINGS
SET DEFINE OFF;
Insert into SYSTEM.CHAT_ROOM_SETTINGS (ROOM_ID,BG_COLOR,BUBBLE_STYLE,UPDATED_AT) values (7,'#F8FAFC','rounded',to_timestamp('26/06/02 12:31:48.000000000','RR/MM/DD HH24:MI:SSXFF'));
REM INSERTING into SYSTEM.CHAT_ROOMS
SET DEFINE OFF;
Insert into SYSTEM.CHAT_ROOMS (ROOM_ID,ROOM_TYPE,ROOM_NAME,CREATED_AT,ROOM_IMAGE) values (10,'DIRECT',null,to_date('26/06/05','RR/MM/DD'),null);
Insert into SYSTEM.CHAT_ROOMS (ROOM_ID,ROOM_TYPE,ROOM_NAME,CREATED_AT,ROOM_IMAGE) values (7,'GROUP','야르릉',to_date('26/06/01','RR/MM/DD'),'/uploads/chat/1780360655111-191154798.png');
Insert into SYSTEM.CHAT_ROOMS (ROOM_ID,ROOM_TYPE,ROOM_NAME,CREATED_AT,ROOM_IMAGE) values (9,'GROUP',null,to_date('26/06/02','RR/MM/DD'),null);
Insert into SYSTEM.CHAT_ROOMS (ROOM_ID,ROOM_TYPE,ROOM_NAME,CREATED_AT,ROOM_IMAGE) values (11,'DIRECT',null,to_date('26/06/08','RR/MM/DD'),null);
Insert into SYSTEM.CHAT_ROOMS (ROOM_ID,ROOM_TYPE,ROOM_NAME,CREATED_AT,ROOM_IMAGE) values (8,'DIRECT',null,to_date('26/06/02','RR/MM/DD'),null);
REM INSERTING into SYSTEM.COMMENT_LIKES
SET DEFINE OFF;
Insert into SYSTEM.COMMENT_LIKES (COMMENT_ID,USER_ID,CREATED_AT) values (7,4,to_date('26/06/08','RR/MM/DD'));
Insert into SYSTEM.COMMENT_LIKES (COMMENT_ID,USER_ID,CREATED_AT) values (42,1,to_date('26/06/08','RR/MM/DD'));
Insert into SYSTEM.COMMENT_LIKES (COMMENT_ID,USER_ID,CREATED_AT) values (43,3,to_date('26/06/08','RR/MM/DD'));
Insert into SYSTEM.COMMENT_LIKES (COMMENT_ID,USER_ID,CREATED_AT) values (12,4,to_date('26/06/08','RR/MM/DD'));
REM INSERTING into SYSTEM.COMMENTS
SET DEFINE OFF;
Insert into SYSTEM.COMMENTS (COMMENT_ID,POST_ID,USER_ID,PARENT_ID,LANGUAGE,STATUS,CREATED_AT,DELETED_AT,COMMENT_MODE) values (1,29,2,null,null,'ACTIVE',to_date('26/05/29','RR/MM/DD'),null,'plain');
Insert into SYSTEM.COMMENTS (COMMENT_ID,POST_ID,USER_ID,PARENT_ID,LANGUAGE,STATUS,CREATED_AT,DELETED_AT,COMMENT_MODE) values (6,34,1,5,null,'ACTIVE',to_date('26/06/01','RR/MM/DD'),null,'plain');
Insert into SYSTEM.COMMENTS (COMMENT_ID,POST_ID,USER_ID,PARENT_ID,LANGUAGE,STATUS,CREATED_AT,DELETED_AT,COMMENT_MODE) values (7,41,3,null,null,'ACTIVE',to_date('26/06/02','RR/MM/DD'),null,'plain');
Insert into SYSTEM.COMMENTS (COMMENT_ID,POST_ID,USER_ID,PARENT_ID,LANGUAGE,STATUS,CREATED_AT,DELETED_AT,COMMENT_MODE) values (4,29,1,1,null,'ACTIVE',to_date('26/05/29','RR/MM/DD'),null,'plain');
Insert into SYSTEM.COMMENTS (COMMENT_ID,POST_ID,USER_ID,PARENT_ID,LANGUAGE,STATUS,CREATED_AT,DELETED_AT,COMMENT_MODE) values (5,34,2,null,null,'ACTIVE',to_date('26/06/01','RR/MM/DD'),null,'plain');
Insert into SYSTEM.COMMENTS (COMMENT_ID,POST_ID,USER_ID,PARENT_ID,LANGUAGE,STATUS,CREATED_AT,DELETED_AT,COMMENT_MODE) values (8,34,1,null,null,'ACTIVE',to_date('26/06/04','RR/MM/DD'),null,'plain');
Insert into SYSTEM.COMMENTS (COMMENT_ID,POST_ID,USER_ID,PARENT_ID,LANGUAGE,STATUS,CREATED_AT,DELETED_AT,COMMENT_MODE) values (9,34,1,null,null,'ACTIVE',to_date('26/06/04','RR/MM/DD'),null,'plain');
Insert into SYSTEM.COMMENTS (COMMENT_ID,POST_ID,USER_ID,PARENT_ID,LANGUAGE,STATUS,CREATED_AT,DELETED_AT,COMMENT_MODE) values (10,41,1,null,null,'DELETED',to_date('26/06/04','RR/MM/DD'),to_date('26/06/04','RR/MM/DD'),'plain');
Insert into SYSTEM.COMMENTS (COMMENT_ID,POST_ID,USER_ID,PARENT_ID,LANGUAGE,STATUS,CREATED_AT,DELETED_AT,COMMENT_MODE) values (11,41,1,null,null,'DELETED',to_date('26/06/04','RR/MM/DD'),to_date('26/06/04','RR/MM/DD'),'plain');
Insert into SYSTEM.COMMENTS (COMMENT_ID,POST_ID,USER_ID,PARENT_ID,LANGUAGE,STATUS,CREATED_AT,DELETED_AT,COMMENT_MODE) values (12,41,1,null,null,'ACTIVE',to_date('26/06/04','RR/MM/DD'),null,'plain');
Insert into SYSTEM.COMMENTS (COMMENT_ID,POST_ID,USER_ID,PARENT_ID,LANGUAGE,STATUS,CREATED_AT,DELETED_AT,COMMENT_MODE) values (13,33,1,null,null,'ACTIVE',to_date('26/06/05','RR/MM/DD'),null,'plain');
Insert into SYSTEM.COMMENTS (COMMENT_ID,POST_ID,USER_ID,PARENT_ID,LANGUAGE,STATUS,CREATED_AT,DELETED_AT,COMMENT_MODE) values (14,33,1,null,null,'ACTIVE',to_date('26/06/05','RR/MM/DD'),null,'plain');
Insert into SYSTEM.COMMENTS (COMMENT_ID,POST_ID,USER_ID,PARENT_ID,LANGUAGE,STATUS,CREATED_AT,DELETED_AT,COMMENT_MODE) values (15,33,1,13,null,'ACTIVE',to_date('26/06/05','RR/MM/DD'),null,'plain');
Insert into SYSTEM.COMMENTS (COMMENT_ID,POST_ID,USER_ID,PARENT_ID,LANGUAGE,STATUS,CREATED_AT,DELETED_AT,COMMENT_MODE) values (16,60,3,null,null,'ACTIVE',to_date('26/06/08','RR/MM/DD'),null,'plain');
Insert into SYSTEM.COMMENTS (COMMENT_ID,POST_ID,USER_ID,PARENT_ID,LANGUAGE,STATUS,CREATED_AT,DELETED_AT,COMMENT_MODE) values (17,60,3,null,null,'DELETED',to_date('26/06/08','RR/MM/DD'),to_date('26/06/08','RR/MM/DD'),'plain');
Insert into SYSTEM.COMMENTS (COMMENT_ID,POST_ID,USER_ID,PARENT_ID,LANGUAGE,STATUS,CREATED_AT,DELETED_AT,COMMENT_MODE) values (18,60,3,null,null,'ACTIVE',to_date('26/06/08','RR/MM/DD'),null,'plain');
Insert into SYSTEM.COMMENTS (COMMENT_ID,POST_ID,USER_ID,PARENT_ID,LANGUAGE,STATUS,CREATED_AT,DELETED_AT,COMMENT_MODE) values (19,57,3,null,null,'DELETED',to_date('26/06/08','RR/MM/DD'),to_date('26/06/08','RR/MM/DD'),'plain');
Insert into SYSTEM.COMMENTS (COMMENT_ID,POST_ID,USER_ID,PARENT_ID,LANGUAGE,STATUS,CREATED_AT,DELETED_AT,COMMENT_MODE) values (20,57,3,null,null,'DELETED',to_date('26/06/08','RR/MM/DD'),to_date('26/06/08','RR/MM/DD'),'plain');
Insert into SYSTEM.COMMENTS (COMMENT_ID,POST_ID,USER_ID,PARENT_ID,LANGUAGE,STATUS,CREATED_AT,DELETED_AT,COMMENT_MODE) values (21,57,3,null,null,'DELETED',to_date('26/06/08','RR/MM/DD'),to_date('26/06/08','RR/MM/DD'),'plain');
Insert into SYSTEM.COMMENTS (COMMENT_ID,POST_ID,USER_ID,PARENT_ID,LANGUAGE,STATUS,CREATED_AT,DELETED_AT,COMMENT_MODE) values (22,57,3,null,null,'DELETED',to_date('26/06/08','RR/MM/DD'),to_date('26/06/08','RR/MM/DD'),'plain');
Insert into SYSTEM.COMMENTS (COMMENT_ID,POST_ID,USER_ID,PARENT_ID,LANGUAGE,STATUS,CREATED_AT,DELETED_AT,COMMENT_MODE) values (23,57,3,null,null,'DELETED',to_date('26/06/08','RR/MM/DD'),to_date('26/06/08','RR/MM/DD'),'plain');
Insert into SYSTEM.COMMENTS (COMMENT_ID,POST_ID,USER_ID,PARENT_ID,LANGUAGE,STATUS,CREATED_AT,DELETED_AT,COMMENT_MODE) values (24,57,3,null,null,'ACTIVE',to_date('26/06/08','RR/MM/DD'),null,'plain');
Insert into SYSTEM.COMMENTS (COMMENT_ID,POST_ID,USER_ID,PARENT_ID,LANGUAGE,STATUS,CREATED_AT,DELETED_AT,COMMENT_MODE) values (25,57,3,null,null,'ACTIVE',to_date('26/06/08','RR/MM/DD'),null,'plain');
Insert into SYSTEM.COMMENTS (COMMENT_ID,POST_ID,USER_ID,PARENT_ID,LANGUAGE,STATUS,CREATED_AT,DELETED_AT,COMMENT_MODE) values (26,57,3,null,null,'ACTIVE',to_date('26/06/08','RR/MM/DD'),null,'plain');
Insert into SYSTEM.COMMENTS (COMMENT_ID,POST_ID,USER_ID,PARENT_ID,LANGUAGE,STATUS,CREATED_AT,DELETED_AT,COMMENT_MODE) values (27,57,3,null,null,'ACTIVE',to_date('26/06/08','RR/MM/DD'),null,'plain');
Insert into SYSTEM.COMMENTS (COMMENT_ID,POST_ID,USER_ID,PARENT_ID,LANGUAGE,STATUS,CREATED_AT,DELETED_AT,COMMENT_MODE) values (28,57,3,null,null,'ACTIVE',to_date('26/06/08','RR/MM/DD'),null,'plain');
Insert into SYSTEM.COMMENTS (COMMENT_ID,POST_ID,USER_ID,PARENT_ID,LANGUAGE,STATUS,CREATED_AT,DELETED_AT,COMMENT_MODE) values (29,57,3,null,null,'DELETED',to_date('26/06/08','RR/MM/DD'),to_date('26/06/08','RR/MM/DD'),'plain');
Insert into SYSTEM.COMMENTS (COMMENT_ID,POST_ID,USER_ID,PARENT_ID,LANGUAGE,STATUS,CREATED_AT,DELETED_AT,COMMENT_MODE) values (30,57,3,null,null,'DELETED',to_date('26/06/08','RR/MM/DD'),to_date('26/06/08','RR/MM/DD'),'plain');
Insert into SYSTEM.COMMENTS (COMMENT_ID,POST_ID,USER_ID,PARENT_ID,LANGUAGE,STATUS,CREATED_AT,DELETED_AT,COMMENT_MODE) values (31,57,3,null,null,'ACTIVE',to_date('26/06/08','RR/MM/DD'),null,'plain');
Insert into SYSTEM.COMMENTS (COMMENT_ID,POST_ID,USER_ID,PARENT_ID,LANGUAGE,STATUS,CREATED_AT,DELETED_AT,COMMENT_MODE) values (32,57,3,null,null,'ACTIVE',to_date('26/06/08','RR/MM/DD'),null,'rich');
Insert into SYSTEM.COMMENTS (COMMENT_ID,POST_ID,USER_ID,PARENT_ID,LANGUAGE,STATUS,CREATED_AT,DELETED_AT,COMMENT_MODE) values (33,57,3,null,null,'ACTIVE',to_date('26/06/08','RR/MM/DD'),null,'plain');
Insert into SYSTEM.COMMENTS (COMMENT_ID,POST_ID,USER_ID,PARENT_ID,LANGUAGE,STATUS,CREATED_AT,DELETED_AT,COMMENT_MODE) values (34,57,3,null,null,'ACTIVE',to_date('26/06/08','RR/MM/DD'),null,'plain');
Insert into SYSTEM.COMMENTS (COMMENT_ID,POST_ID,USER_ID,PARENT_ID,LANGUAGE,STATUS,CREATED_AT,DELETED_AT,COMMENT_MODE) values (35,61,3,null,null,'DELETED',to_date('26/06/08','RR/MM/DD'),to_date('26/06/08','RR/MM/DD'),'plain');
Insert into SYSTEM.COMMENTS (COMMENT_ID,POST_ID,USER_ID,PARENT_ID,LANGUAGE,STATUS,CREATED_AT,DELETED_AT,COMMENT_MODE) values (36,61,3,null,null,'DELETED',to_date('26/06/08','RR/MM/DD'),to_date('26/06/08','RR/MM/DD'),'plain');
Insert into SYSTEM.COMMENTS (COMMENT_ID,POST_ID,USER_ID,PARENT_ID,LANGUAGE,STATUS,CREATED_AT,DELETED_AT,COMMENT_MODE) values (37,61,3,null,null,'DELETED',to_date('26/06/08','RR/MM/DD'),to_date('26/06/08','RR/MM/DD'),'plain');
Insert into SYSTEM.COMMENTS (COMMENT_ID,POST_ID,USER_ID,PARENT_ID,LANGUAGE,STATUS,CREATED_AT,DELETED_AT,COMMENT_MODE) values (38,61,3,null,null,'DELETED',to_date('26/06/08','RR/MM/DD'),to_date('26/06/08','RR/MM/DD'),'plain');
Insert into SYSTEM.COMMENTS (COMMENT_ID,POST_ID,USER_ID,PARENT_ID,LANGUAGE,STATUS,CREATED_AT,DELETED_AT,COMMENT_MODE) values (39,61,3,null,null,'DELETED',to_date('26/06/08','RR/MM/DD'),to_date('26/06/08','RR/MM/DD'),'plain');
Insert into SYSTEM.COMMENTS (COMMENT_ID,POST_ID,USER_ID,PARENT_ID,LANGUAGE,STATUS,CREATED_AT,DELETED_AT,COMMENT_MODE) values (40,61,3,null,null,'DELETED',to_date('26/06/08','RR/MM/DD'),to_date('26/06/08','RR/MM/DD'),'plain');
Insert into SYSTEM.COMMENTS (COMMENT_ID,POST_ID,USER_ID,PARENT_ID,LANGUAGE,STATUS,CREATED_AT,DELETED_AT,COMMENT_MODE) values (41,61,3,null,null,'ACTIVE',to_date('26/06/08','RR/MM/DD'),null,'plain');
Insert into SYSTEM.COMMENTS (COMMENT_ID,POST_ID,USER_ID,PARENT_ID,LANGUAGE,STATUS,CREATED_AT,DELETED_AT,COMMENT_MODE) values (42,71,1,null,null,'ACTIVE',to_date('26/06/08','RR/MM/DD'),null,'plain');
Insert into SYSTEM.COMMENTS (COMMENT_ID,POST_ID,USER_ID,PARENT_ID,LANGUAGE,STATUS,CREATED_AT,DELETED_AT,COMMENT_MODE) values (43,71,1,42,null,'ACTIVE',to_date('26/06/08','RR/MM/DD'),null,'plain');
Insert into SYSTEM.COMMENTS (COMMENT_ID,POST_ID,USER_ID,PARENT_ID,LANGUAGE,STATUS,CREATED_AT,DELETED_AT,COMMENT_MODE) values (44,71,1,null,null,'DELETED',to_date('26/06/08','RR/MM/DD'),to_date('26/06/08','RR/MM/DD'),'plain');
Insert into SYSTEM.COMMENTS (COMMENT_ID,POST_ID,USER_ID,PARENT_ID,LANGUAGE,STATUS,CREATED_AT,DELETED_AT,COMMENT_MODE) values (45,71,5,null,null,'ACTIVE',to_date('26/06/08','RR/MM/DD'),null,'plain');
Insert into SYSTEM.COMMENTS (COMMENT_ID,POST_ID,USER_ID,PARENT_ID,LANGUAGE,STATUS,CREATED_AT,DELETED_AT,COMMENT_MODE) values (46,33,2,null,null,'ACTIVE',to_date('26/06/08','RR/MM/DD'),null,'plain');
REM INSERTING into SYSTEM.FOLLOWS
SET DEFINE OFF;
Insert into SYSTEM.FOLLOWS (FOLLOWER_ID,FOLLOWING_ID,CREATED_AT,STATUS) values (1,4,to_date('26/06/02','RR/MM/DD'),'ACCEPTED');
Insert into SYSTEM.FOLLOWS (FOLLOWER_ID,FOLLOWING_ID,CREATED_AT,STATUS) values (3,1,to_date('26/06/05','RR/MM/DD'),'ACCEPTED');
Insert into SYSTEM.FOLLOWS (FOLLOWER_ID,FOLLOWING_ID,CREATED_AT,STATUS) values (4,1,to_date('26/06/08','RR/MM/DD'),'PENDING');
Insert into SYSTEM.FOLLOWS (FOLLOWER_ID,FOLLOWING_ID,CREATED_AT,STATUS) values (5,3,to_date('26/06/08','RR/MM/DD'),'ACCEPTED');
Insert into SYSTEM.FOLLOWS (FOLLOWER_ID,FOLLOWING_ID,CREATED_AT,STATUS) values (1,5,to_date('26/06/02','RR/MM/DD'),'ACCEPTED');
Insert into SYSTEM.FOLLOWS (FOLLOWER_ID,FOLLOWING_ID,CREATED_AT,STATUS) values (5,1,to_date('26/06/08','RR/MM/DD'),'ACCEPTED');
Insert into SYSTEM.FOLLOWS (FOLLOWER_ID,FOLLOWING_ID,CREATED_AT,STATUS) values (2,1,to_date('26/06/08','RR/MM/DD'),'ACCEPTED');
REM INSERTING into SYSTEM.MUTES
SET DEFINE OFF;
REM INSERTING into SYSTEM.NOTIFICATIONS
SET DEFINE OFF;
Insert into SYSTEM.NOTIFICATIONS (NOTI_ID,RECEIVER_ID,SENDER_ID,NOTI_TYPE,TARGET_TYPE,TARGET_ID,IS_READ,CREATED_AT) values (1,1,2,'COMMENT','POST',34,'Y',to_date('26/06/01','RR/MM/DD'));
Insert into SYSTEM.NOTIFICATIONS (NOTI_ID,RECEIVER_ID,SENDER_ID,NOTI_TYPE,TARGET_TYPE,TARGET_ID,IS_READ,CREATED_AT) values (2,1,2,'LIKE','POST',34,'Y',to_date('26/06/01','RR/MM/DD'));
Insert into SYSTEM.NOTIFICATIONS (NOTI_ID,RECEIVER_ID,SENDER_ID,NOTI_TYPE,TARGET_TYPE,TARGET_ID,IS_READ,CREATED_AT) values (28,4,1,'LIKE','POST',41,'Y',to_date('26/06/02','RR/MM/DD'));
Insert into SYSTEM.NOTIFICATIONS (NOTI_ID,RECEIVER_ID,SENDER_ID,NOTI_TYPE,TARGET_TYPE,TARGET_ID,IS_READ,CREATED_AT) values (69,1,3,'COMMENT','POST',60,'Y',to_date('26/06/08','RR/MM/DD'));
Insert into SYSTEM.NOTIFICATIONS (NOTI_ID,RECEIVER_ID,SENDER_ID,NOTI_TYPE,TARGET_TYPE,TARGET_ID,IS_READ,CREATED_AT) values (32,4,1,'LIKE','POST',41,'Y',to_date('26/06/04','RR/MM/DD'));
Insert into SYSTEM.NOTIFICATIONS (NOTI_ID,RECEIVER_ID,SENDER_ID,NOTI_TYPE,TARGET_TYPE,TARGET_ID,IS_READ,CREATED_AT) values (22,4,3,'COMMENT','POST',41,'Y',to_date('26/06/02','RR/MM/DD'));
Insert into SYSTEM.NOTIFICATIONS (NOTI_ID,RECEIVER_ID,SENDER_ID,NOTI_TYPE,TARGET_TYPE,TARGET_ID,IS_READ,CREATED_AT) values (24,4,1,'FOLLOW','USER',1,'Y',to_date('26/06/02','RR/MM/DD'));
Insert into SYSTEM.NOTIFICATIONS (NOTI_ID,RECEIVER_ID,SENDER_ID,NOTI_TYPE,TARGET_TYPE,TARGET_ID,IS_READ,CREATED_AT) values (25,5,1,'FOLLOW','USER',1,'N',to_date('26/06/02','RR/MM/DD'));
Insert into SYSTEM.NOTIFICATIONS (NOTI_ID,RECEIVER_ID,SENDER_ID,NOTI_TYPE,TARGET_TYPE,TARGET_ID,IS_READ,CREATED_AT) values (26,4,1,'LIKE','POST',41,'Y',to_date('26/06/02','RR/MM/DD'));
Insert into SYSTEM.NOTIFICATIONS (NOTI_ID,RECEIVER_ID,SENDER_ID,NOTI_TYPE,TARGET_TYPE,TARGET_ID,IS_READ,CREATED_AT) values (33,4,1,'LIKE','POST',41,'Y',to_date('26/06/04','RR/MM/DD'));
Insert into SYSTEM.NOTIFICATIONS (NOTI_ID,RECEIVER_ID,SENDER_ID,NOTI_TYPE,TARGET_TYPE,TARGET_ID,IS_READ,CREATED_AT) values (38,4,1,'LIKE','POST',41,'Y',to_date('26/06/04','RR/MM/DD'));
Insert into SYSTEM.NOTIFICATIONS (NOTI_ID,RECEIVER_ID,SENDER_ID,NOTI_TYPE,TARGET_TYPE,TARGET_ID,IS_READ,CREATED_AT) values (39,4,1,'LIKE','POST',41,'Y',to_date('26/06/04','RR/MM/DD'));
Insert into SYSTEM.NOTIFICATIONS (NOTI_ID,RECEIVER_ID,SENDER_ID,NOTI_TYPE,TARGET_TYPE,TARGET_ID,IS_READ,CREATED_AT) values (37,4,1,'LIKE','POST',41,'Y',to_date('26/06/04','RR/MM/DD'));
Insert into SYSTEM.NOTIFICATIONS (NOTI_ID,RECEIVER_ID,SENDER_ID,NOTI_TYPE,TARGET_TYPE,TARGET_ID,IS_READ,CREATED_AT) values (40,4,1,'LIKE','POST',41,'Y',to_date('26/06/04','RR/MM/DD'));
Insert into SYSTEM.NOTIFICATIONS (NOTI_ID,RECEIVER_ID,SENDER_ID,NOTI_TYPE,TARGET_TYPE,TARGET_ID,IS_READ,CREATED_AT) values (41,4,1,'LIKE','POST',41,'Y',to_date('26/06/04','RR/MM/DD'));
Insert into SYSTEM.NOTIFICATIONS (NOTI_ID,RECEIVER_ID,SENDER_ID,NOTI_TYPE,TARGET_TYPE,TARGET_ID,IS_READ,CREATED_AT) values (42,4,1,'LIKE','POST',41,'Y',to_date('26/06/04','RR/MM/DD'));
Insert into SYSTEM.NOTIFICATIONS (NOTI_ID,RECEIVER_ID,SENDER_ID,NOTI_TYPE,TARGET_TYPE,TARGET_ID,IS_READ,CREATED_AT) values (43,4,1,'LIKE','POST',41,'Y',to_date('26/06/04','RR/MM/DD'));
Insert into SYSTEM.NOTIFICATIONS (NOTI_ID,RECEIVER_ID,SENDER_ID,NOTI_TYPE,TARGET_TYPE,TARGET_ID,IS_READ,CREATED_AT) values (47,4,1,'LIKE','POST',41,'Y',to_date('26/06/04','RR/MM/DD'));
Insert into SYSTEM.NOTIFICATIONS (NOTI_ID,RECEIVER_ID,SENDER_ID,NOTI_TYPE,TARGET_TYPE,TARGET_ID,IS_READ,CREATED_AT) values (45,4,1,'COMMENT','POST',41,'Y',to_date('26/06/04','RR/MM/DD'));
Insert into SYSTEM.NOTIFICATIONS (NOTI_ID,RECEIVER_ID,SENDER_ID,NOTI_TYPE,TARGET_TYPE,TARGET_ID,IS_READ,CREATED_AT) values (46,4,1,'COMMENT','POST',41,'Y',to_date('26/06/04','RR/MM/DD'));
Insert into SYSTEM.NOTIFICATIONS (NOTI_ID,RECEIVER_ID,SENDER_ID,NOTI_TYPE,TARGET_TYPE,TARGET_ID,IS_READ,CREATED_AT) values (48,4,1,'COMMENT','POST',41,'Y',to_date('26/06/04','RR/MM/DD'));
Insert into SYSTEM.NOTIFICATIONS (NOTI_ID,RECEIVER_ID,SENDER_ID,NOTI_TYPE,TARGET_TYPE,TARGET_ID,IS_READ,CREATED_AT) values (49,2,3,'LIKE','POST',38,'N',to_date('26/06/05','RR/MM/DD'));
Insert into SYSTEM.NOTIFICATIONS (NOTI_ID,RECEIVER_ID,SENDER_ID,NOTI_TYPE,TARGET_TYPE,TARGET_ID,IS_READ,CREATED_AT) values (59,3,1,'FOLLOW_ACCEPTED','USER',1,'Y',to_date('26/06/05','RR/MM/DD'));
Insert into SYSTEM.NOTIFICATIONS (NOTI_ID,RECEIVER_ID,SENDER_ID,NOTI_TYPE,TARGET_TYPE,TARGET_ID,IS_READ,CREATED_AT) values (57,2,1,'MENTION','USER',1,'N',to_date('26/06/05','RR/MM/DD'));
Insert into SYSTEM.NOTIFICATIONS (NOTI_ID,RECEIVER_ID,SENDER_ID,NOTI_TYPE,TARGET_TYPE,TARGET_ID,IS_READ,CREATED_AT) values (58,3,1,'MENTION','USER',1,'Y',to_date('26/06/05','RR/MM/DD'));
Insert into SYSTEM.NOTIFICATIONS (NOTI_ID,RECEIVER_ID,SENDER_ID,NOTI_TYPE,TARGET_TYPE,TARGET_ID,IS_READ,CREATED_AT) values (62,3,1,'FOLLOW_ACCEPTED','USER',1,'Y',to_date('26/06/05','RR/MM/DD'));
Insert into SYSTEM.NOTIFICATIONS (NOTI_ID,RECEIVER_ID,SENDER_ID,NOTI_TYPE,TARGET_TYPE,TARGET_ID,IS_READ,CREATED_AT) values (63,1,3,'FOLLOW','USER',3,'Y',to_date('26/06/05','RR/MM/DD'));
Insert into SYSTEM.NOTIFICATIONS (NOTI_ID,RECEIVER_ID,SENDER_ID,NOTI_TYPE,TARGET_TYPE,TARGET_ID,IS_READ,CREATED_AT) values (65,3,1,'FOLLOW_ACCEPTED','USER',1,'Y',to_date('26/06/05','RR/MM/DD'));
Insert into SYSTEM.NOTIFICATIONS (NOTI_ID,RECEIVER_ID,SENDER_ID,NOTI_TYPE,TARGET_TYPE,TARGET_ID,IS_READ,CREATED_AT) values (67,3,1,'MENTION','USER',1,'Y',to_date('26/06/05','RR/MM/DD'));
Insert into SYSTEM.NOTIFICATIONS (NOTI_ID,RECEIVER_ID,SENDER_ID,NOTI_TYPE,TARGET_TYPE,TARGET_ID,IS_READ,CREATED_AT) values (68,1,3,'COMMENT','POST',60,'Y',to_date('26/06/08','RR/MM/DD'));
Insert into SYSTEM.NOTIFICATIONS (NOTI_ID,RECEIVER_ID,SENDER_ID,NOTI_TYPE,TARGET_TYPE,TARGET_ID,IS_READ,CREATED_AT) values (70,1,3,'COMMENT','POST',60,'Y',to_date('26/06/08','RR/MM/DD'));
Insert into SYSTEM.NOTIFICATIONS (NOTI_ID,RECEIVER_ID,SENDER_ID,NOTI_TYPE,TARGET_TYPE,TARGET_ID,IS_READ,CREATED_AT) values (71,1,3,'LIKE','POST',57,'Y',to_date('26/06/08','RR/MM/DD'));
Insert into SYSTEM.NOTIFICATIONS (NOTI_ID,RECEIVER_ID,SENDER_ID,NOTI_TYPE,TARGET_TYPE,TARGET_ID,IS_READ,CREATED_AT) values (72,1,3,'COMMENT','POST',57,'Y',to_date('26/06/08','RR/MM/DD'));
Insert into SYSTEM.NOTIFICATIONS (NOTI_ID,RECEIVER_ID,SENDER_ID,NOTI_TYPE,TARGET_TYPE,TARGET_ID,IS_READ,CREATED_AT) values (73,1,3,'COMMENT','POST',57,'Y',to_date('26/06/08','RR/MM/DD'));
Insert into SYSTEM.NOTIFICATIONS (NOTI_ID,RECEIVER_ID,SENDER_ID,NOTI_TYPE,TARGET_TYPE,TARGET_ID,IS_READ,CREATED_AT) values (74,1,3,'COMMENT','POST',57,'Y',to_date('26/06/08','RR/MM/DD'));
Insert into SYSTEM.NOTIFICATIONS (NOTI_ID,RECEIVER_ID,SENDER_ID,NOTI_TYPE,TARGET_TYPE,TARGET_ID,IS_READ,CREATED_AT) values (75,1,3,'COMMENT','POST',57,'Y',to_date('26/06/08','RR/MM/DD'));
Insert into SYSTEM.NOTIFICATIONS (NOTI_ID,RECEIVER_ID,SENDER_ID,NOTI_TYPE,TARGET_TYPE,TARGET_ID,IS_READ,CREATED_AT) values (76,1,3,'COMMENT','POST',57,'Y',to_date('26/06/08','RR/MM/DD'));
Insert into SYSTEM.NOTIFICATIONS (NOTI_ID,RECEIVER_ID,SENDER_ID,NOTI_TYPE,TARGET_TYPE,TARGET_ID,IS_READ,CREATED_AT) values (77,1,3,'COMMENT','POST',57,'Y',to_date('26/06/08','RR/MM/DD'));
Insert into SYSTEM.NOTIFICATIONS (NOTI_ID,RECEIVER_ID,SENDER_ID,NOTI_TYPE,TARGET_TYPE,TARGET_ID,IS_READ,CREATED_AT) values (78,1,3,'COMMENT','POST',57,'Y',to_date('26/06/08','RR/MM/DD'));
Insert into SYSTEM.NOTIFICATIONS (NOTI_ID,RECEIVER_ID,SENDER_ID,NOTI_TYPE,TARGET_TYPE,TARGET_ID,IS_READ,CREATED_AT) values (79,1,3,'COMMENT','POST',57,'Y',to_date('26/06/08','RR/MM/DD'));
Insert into SYSTEM.NOTIFICATIONS (NOTI_ID,RECEIVER_ID,SENDER_ID,NOTI_TYPE,TARGET_TYPE,TARGET_ID,IS_READ,CREATED_AT) values (80,1,3,'COMMENT','POST',57,'Y',to_date('26/06/08','RR/MM/DD'));
Insert into SYSTEM.NOTIFICATIONS (NOTI_ID,RECEIVER_ID,SENDER_ID,NOTI_TYPE,TARGET_TYPE,TARGET_ID,IS_READ,CREATED_AT) values (81,1,3,'COMMENT','POST',57,'Y',to_date('26/06/08','RR/MM/DD'));
Insert into SYSTEM.NOTIFICATIONS (NOTI_ID,RECEIVER_ID,SENDER_ID,NOTI_TYPE,TARGET_TYPE,TARGET_ID,IS_READ,CREATED_AT) values (82,1,3,'COMMENT','POST',57,'Y',to_date('26/06/08','RR/MM/DD'));
Insert into SYSTEM.NOTIFICATIONS (NOTI_ID,RECEIVER_ID,SENDER_ID,NOTI_TYPE,TARGET_TYPE,TARGET_ID,IS_READ,CREATED_AT) values (83,1,3,'COMMENT','POST',57,'Y',to_date('26/06/08','RR/MM/DD'));
Insert into SYSTEM.NOTIFICATIONS (NOTI_ID,RECEIVER_ID,SENDER_ID,NOTI_TYPE,TARGET_TYPE,TARGET_ID,IS_READ,CREATED_AT) values (84,1,3,'COMMENT','POST',57,'Y',to_date('26/06/08','RR/MM/DD'));
Insert into SYSTEM.NOTIFICATIONS (NOTI_ID,RECEIVER_ID,SENDER_ID,NOTI_TYPE,TARGET_TYPE,TARGET_ID,IS_READ,CREATED_AT) values (85,1,3,'COMMENT','POST',57,'Y',to_date('26/06/08','RR/MM/DD'));
Insert into SYSTEM.NOTIFICATIONS (NOTI_ID,RECEIVER_ID,SENDER_ID,NOTI_TYPE,TARGET_TYPE,TARGET_ID,IS_READ,CREATED_AT) values (86,1,3,'COMMENT','POST',57,'Y',to_date('26/06/08','RR/MM/DD'));
Insert into SYSTEM.NOTIFICATIONS (NOTI_ID,RECEIVER_ID,SENDER_ID,NOTI_TYPE,TARGET_TYPE,TARGET_ID,IS_READ,CREATED_AT) values (87,1,3,'COMMENT','POST',57,'Y',to_date('26/06/08','RR/MM/DD'));
Insert into SYSTEM.NOTIFICATIONS (NOTI_ID,RECEIVER_ID,SENDER_ID,NOTI_TYPE,TARGET_TYPE,TARGET_ID,IS_READ,CREATED_AT) values (88,1,3,'MENTION','POST',61,'Y',to_date('26/06/08','RR/MM/DD'));
Insert into SYSTEM.NOTIFICATIONS (NOTI_ID,RECEIVER_ID,SENDER_ID,NOTI_TYPE,TARGET_TYPE,TARGET_ID,IS_READ,CREATED_AT) values (89,5,1,'LIKE','POST',65,'N',to_date('26/06/08','RR/MM/DD'));
Insert into SYSTEM.NOTIFICATIONS (NOTI_ID,RECEIVER_ID,SENDER_ID,NOTI_TYPE,TARGET_TYPE,TARGET_ID,IS_READ,CREATED_AT) values (90,3,5,'FOLLOW','USER',5,'N',to_date('26/06/08','RR/MM/DD'));
Insert into SYSTEM.NOTIFICATIONS (NOTI_ID,RECEIVER_ID,SENDER_ID,NOTI_TYPE,TARGET_TYPE,TARGET_ID,IS_READ,CREATED_AT) values (91,1,5,'FOLLOW','USER',5,'Y',to_date('26/06/08','RR/MM/DD'));
Insert into SYSTEM.NOTIFICATIONS (NOTI_ID,RECEIVER_ID,SENDER_ID,NOTI_TYPE,TARGET_TYPE,TARGET_ID,IS_READ,CREATED_AT) values (92,5,1,'FOLLOW_ACCEPTED','USER',1,'N',to_date('26/06/08','RR/MM/DD'));
Insert into SYSTEM.NOTIFICATIONS (NOTI_ID,RECEIVER_ID,SENDER_ID,NOTI_TYPE,TARGET_TYPE,TARGET_ID,IS_READ,CREATED_AT) values (93,1,5,'COMMENT','POST',71,'Y',to_date('26/06/08','RR/MM/DD'));
Insert into SYSTEM.NOTIFICATIONS (NOTI_ID,RECEIVER_ID,SENDER_ID,NOTI_TYPE,TARGET_TYPE,TARGET_ID,IS_READ,CREATED_AT) values (94,1,5,'LIKE','POST',71,'Y',to_date('26/06/08','RR/MM/DD'));
Insert into SYSTEM.NOTIFICATIONS (NOTI_ID,RECEIVER_ID,SENDER_ID,NOTI_TYPE,TARGET_TYPE,TARGET_ID,IS_READ,CREATED_AT) values (95,1,4,'FOLLOW_REQUEST','USER',4,'Y',to_date('26/06/08','RR/MM/DD'));
Insert into SYSTEM.NOTIFICATIONS (NOTI_ID,RECEIVER_ID,SENDER_ID,NOTI_TYPE,TARGET_TYPE,TARGET_ID,IS_READ,CREATED_AT) values (96,1,2,'FOLLOW','USER',2,'Y',to_date('26/06/08','RR/MM/DD'));
Insert into SYSTEM.NOTIFICATIONS (NOTI_ID,RECEIVER_ID,SENDER_ID,NOTI_TYPE,TARGET_TYPE,TARGET_ID,IS_READ,CREATED_AT) values (97,2,1,'FOLLOW_ACCEPTED','USER',1,'N',to_date('26/06/08','RR/MM/DD'));
Insert into SYSTEM.NOTIFICATIONS (NOTI_ID,RECEIVER_ID,SENDER_ID,NOTI_TYPE,TARGET_TYPE,TARGET_ID,IS_READ,CREATED_AT) values (98,1,2,'COMMENT','POST',33,'Y',to_date('26/06/08','RR/MM/DD'));
Insert into SYSTEM.NOTIFICATIONS (NOTI_ID,RECEIVER_ID,SENDER_ID,NOTI_TYPE,TARGET_TYPE,TARGET_ID,IS_READ,CREATED_AT) values (99,1,5,'LIKE','POST',69,'Y',to_date('26/06/08','RR/MM/DD'));
Insert into SYSTEM.NOTIFICATIONS (NOTI_ID,RECEIVER_ID,SENDER_ID,NOTI_TYPE,TARGET_TYPE,TARGET_ID,IS_READ,CREATED_AT) values (100,1,5,'LIKE','POST',60,'Y',to_date('26/06/08','RR/MM/DD'));
REM INSERTING into SYSTEM.POST_LIKES
SET DEFINE OFF;
Insert into SYSTEM.POST_LIKES (LIKE_ID,POST_ID,USER_ID,CREATED_AT) values (1,29,1,to_date('26/05/29','RR/MM/DD'));
Insert into SYSTEM.POST_LIKES (LIKE_ID,POST_ID,USER_ID,CREATED_AT) values (40,58,1,to_date('26/06/05','RR/MM/DD'));
Insert into SYSTEM.POST_LIKES (LIKE_ID,POST_ID,USER_ID,CREATED_AT) values (5,33,1,to_date('26/06/01','RR/MM/DD'));
Insert into SYSTEM.POST_LIKES (LIKE_ID,POST_ID,USER_ID,CREATED_AT) values (33,34,1,to_date('26/06/04','RR/MM/DD'));
Insert into SYSTEM.POST_LIKES (LIKE_ID,POST_ID,USER_ID,CREATED_AT) values (34,41,1,to_date('26/06/04','RR/MM/DD'));
Insert into SYSTEM.POST_LIKES (LIKE_ID,POST_ID,USER_ID,CREATED_AT) values (35,38,3,to_date('26/06/05','RR/MM/DD'));
Insert into SYSTEM.POST_LIKES (LIKE_ID,POST_ID,USER_ID,CREATED_AT) values (42,57,1,to_date('26/06/05','RR/MM/DD'));
Insert into SYSTEM.POST_LIKES (LIKE_ID,POST_ID,USER_ID,CREATED_AT) values (44,53,1,to_date('26/06/05','RR/MM/DD'));
Insert into SYSTEM.POST_LIKES (LIKE_ID,POST_ID,USER_ID,CREATED_AT) values (43,54,1,to_date('26/06/05','RR/MM/DD'));
Insert into SYSTEM.POST_LIKES (LIKE_ID,POST_ID,USER_ID,CREATED_AT) values (45,57,3,to_date('26/06/08','RR/MM/DD'));
Insert into SYSTEM.POST_LIKES (LIKE_ID,POST_ID,USER_ID,CREATED_AT) values (50,71,1,to_date('26/06/08','RR/MM/DD'));
Insert into SYSTEM.POST_LIKES (LIKE_ID,POST_ID,USER_ID,CREATED_AT) values (54,73,3,to_date('26/06/08','RR/MM/DD'));
Insert into SYSTEM.POST_LIKES (LIKE_ID,POST_ID,USER_ID,CREATED_AT) values (56,69,5,to_date('26/06/08','RR/MM/DD'));
Insert into SYSTEM.POST_LIKES (LIKE_ID,POST_ID,USER_ID,CREATED_AT) values (55,71,5,to_date('26/06/08','RR/MM/DD'));
Insert into SYSTEM.POST_LIKES (LIKE_ID,POST_ID,USER_ID,CREATED_AT) values (57,60,5,to_date('26/06/08','RR/MM/DD'));
Insert into SYSTEM.POST_LIKES (LIKE_ID,POST_ID,USER_ID,CREATED_AT) values (58,41,4,to_date('26/06/08','RR/MM/DD'));
REM INSERTING into SYSTEM.POST_MENTIONS
SET DEFINE OFF;
REM INSERTING into SYSTEM.POST_REPORTS
SET DEFINE OFF;
Insert into SYSTEM.POST_REPORTS (REPORT_ID,POST_ID,USER_ID,REASON,DETAIL,STATUS,CREATED_AT) values (1,29,1,'SPAM',null,'PENDING',to_date('26/05/29','RR/MM/DD'));
Insert into SYSTEM.POST_REPORTS (REPORT_ID,POST_ID,USER_ID,REASON,DETAIL,STATUS,CREATED_AT) values (4,38,1,'OTHER',null,'PENDING',to_date('26/06/01','RR/MM/DD'));
Insert into SYSTEM.POST_REPORTS (REPORT_ID,POST_ID,USER_ID,REASON,DETAIL,STATUS,CREATED_AT) values (41,68,1,'SPAM',null,'PENDING',to_date('26/06/08','RR/MM/DD'));
REM INSERTING into SYSTEM.POST_TAGS
SET DEFINE OFF;
Insert into SYSTEM.POST_TAGS (POST_ID,TAG_ID) values (1,1);
Insert into SYSTEM.POST_TAGS (POST_ID,TAG_ID) values (35,2);
Insert into SYSTEM.POST_TAGS (POST_ID,TAG_ID) values (35,3);
Insert into SYSTEM.POST_TAGS (POST_ID,TAG_ID) values (35,4);
Insert into SYSTEM.POST_TAGS (POST_ID,TAG_ID) values (35,5);
Insert into SYSTEM.POST_TAGS (POST_ID,TAG_ID) values (35,6);
Insert into SYSTEM.POST_TAGS (POST_ID,TAG_ID) values (37,7);
Insert into SYSTEM.POST_TAGS (POST_ID,TAG_ID) values (37,8);
Insert into SYSTEM.POST_TAGS (POST_ID,TAG_ID) values (33,7);
Insert into SYSTEM.POST_TAGS (POST_ID,TAG_ID) values (33,9);
Insert into SYSTEM.POST_TAGS (POST_ID,TAG_ID) values (33,10);
Insert into SYSTEM.POST_TAGS (POST_ID,TAG_ID) values (33,12);
Insert into SYSTEM.POST_TAGS (POST_ID,TAG_ID) values (39,13);
Insert into SYSTEM.POST_TAGS (POST_ID,TAG_ID) values (39,14);
Insert into SYSTEM.POST_TAGS (POST_ID,TAG_ID) values (39,15);
Insert into SYSTEM.POST_TAGS (POST_ID,TAG_ID) values (39,16);
Insert into SYSTEM.POST_TAGS (POST_ID,TAG_ID) values (39,17);
Insert into SYSTEM.POST_TAGS (POST_ID,TAG_ID) values (40,18);
Insert into SYSTEM.POST_TAGS (POST_ID,TAG_ID) values (40,19);
Insert into SYSTEM.POST_TAGS (POST_ID,TAG_ID) values (40,20);
Insert into SYSTEM.POST_TAGS (POST_ID,TAG_ID) values (43,39);
Insert into SYSTEM.POST_TAGS (POST_ID,TAG_ID) values (46,3);
Insert into SYSTEM.POST_TAGS (POST_ID,TAG_ID) values (46,4);
Insert into SYSTEM.POST_TAGS (POST_ID,TAG_ID) values (46,43);
Insert into SYSTEM.POST_TAGS (POST_ID,TAG_ID) values (41,6);
Insert into SYSTEM.POST_TAGS (POST_ID,TAG_ID) values (41,38);
Insert into SYSTEM.POST_TAGS (POST_ID,TAG_ID) values (44,39);
Insert into SYSTEM.POST_TAGS (POST_ID,TAG_ID) values (47,6);
Insert into SYSTEM.POST_TAGS (POST_ID,TAG_ID) values (47,5);
Insert into SYSTEM.POST_TAGS (POST_ID,TAG_ID) values (47,10);
Insert into SYSTEM.POST_TAGS (POST_ID,TAG_ID) values (48,47);
Insert into SYSTEM.POST_TAGS (POST_ID,TAG_ID) values (48,48);
Insert into SYSTEM.POST_TAGS (POST_ID,TAG_ID) values (48,49);
Insert into SYSTEM.POST_TAGS (POST_ID,TAG_ID) values (48,50);
Insert into SYSTEM.POST_TAGS (POST_ID,TAG_ID) values (49,47);
Insert into SYSTEM.POST_TAGS (POST_ID,TAG_ID) values (49,48);
Insert into SYSTEM.POST_TAGS (POST_ID,TAG_ID) values (49,49);
Insert into SYSTEM.POST_TAGS (POST_ID,TAG_ID) values (49,50);
Insert into SYSTEM.POST_TAGS (POST_ID,TAG_ID) values (50,47);
Insert into SYSTEM.POST_TAGS (POST_ID,TAG_ID) values (50,48);
Insert into SYSTEM.POST_TAGS (POST_ID,TAG_ID) values (50,49);
Insert into SYSTEM.POST_TAGS (POST_ID,TAG_ID) values (50,50);
Insert into SYSTEM.POST_TAGS (POST_ID,TAG_ID) values (51,47);
Insert into SYSTEM.POST_TAGS (POST_ID,TAG_ID) values (51,48);
Insert into SYSTEM.POST_TAGS (POST_ID,TAG_ID) values (51,49);
Insert into SYSTEM.POST_TAGS (POST_ID,TAG_ID) values (51,50);
Insert into SYSTEM.POST_TAGS (POST_ID,TAG_ID) values (54,63);
Insert into SYSTEM.POST_TAGS (POST_ID,TAG_ID) values (55,64);
Insert into SYSTEM.POST_TAGS (POST_ID,TAG_ID) values (59,69);
Insert into SYSTEM.POST_TAGS (POST_ID,TAG_ID) values (57,6);
Insert into SYSTEM.POST_TAGS (POST_ID,TAG_ID) values (58,64);
Insert into SYSTEM.POST_TAGS (POST_ID,TAG_ID) values (59,68);
Insert into SYSTEM.POST_TAGS (POST_ID,TAG_ID) values (60,70);
Insert into SYSTEM.POST_TAGS (POST_ID,TAG_ID) values (60,71);
Insert into SYSTEM.POST_TAGS (POST_ID,TAG_ID) values (60,72);
Insert into SYSTEM.POST_TAGS (POST_ID,TAG_ID) values (60,73);
Insert into SYSTEM.POST_TAGS (POST_ID,TAG_ID) values (60,74);
Insert into SYSTEM.POST_TAGS (POST_ID,TAG_ID) values (61,75);
Insert into SYSTEM.POST_TAGS (POST_ID,TAG_ID) values (61,76);
Insert into SYSTEM.POST_TAGS (POST_ID,TAG_ID) values (61,77);
Insert into SYSTEM.POST_TAGS (POST_ID,TAG_ID) values (61,70);
Insert into SYSTEM.POST_TAGS (POST_ID,TAG_ID) values (61,79);
Insert into SYSTEM.POST_TAGS (POST_ID,TAG_ID) values (62,70);
Insert into SYSTEM.POST_TAGS (POST_ID,TAG_ID) values (62,72);
Insert into SYSTEM.POST_TAGS (POST_ID,TAG_ID) values (62,73);
Insert into SYSTEM.POST_TAGS (POST_ID,TAG_ID) values (62,83);
Insert into SYSTEM.POST_TAGS (POST_ID,TAG_ID) values (62,79);
Insert into SYSTEM.POST_TAGS (POST_ID,TAG_ID) values (63,85);
Insert into SYSTEM.POST_TAGS (POST_ID,TAG_ID) values (63,86);
Insert into SYSTEM.POST_TAGS (POST_ID,TAG_ID) values (63,87);
Insert into SYSTEM.POST_TAGS (POST_ID,TAG_ID) values (63,88);
Insert into SYSTEM.POST_TAGS (POST_ID,TAG_ID) values (63,89);
Insert into SYSTEM.POST_TAGS (POST_ID,TAG_ID) values (64,90);
Insert into SYSTEM.POST_TAGS (POST_ID,TAG_ID) values (64,91);
Insert into SYSTEM.POST_TAGS (POST_ID,TAG_ID) values (64,92);
Insert into SYSTEM.POST_TAGS (POST_ID,TAG_ID) values (64,93);
Insert into SYSTEM.POST_TAGS (POST_ID,TAG_ID) values (64,94);
Insert into SYSTEM.POST_TAGS (POST_ID,TAG_ID) values (65,95);
Insert into SYSTEM.POST_TAGS (POST_ID,TAG_ID) values (65,70);
Insert into SYSTEM.POST_TAGS (POST_ID,TAG_ID) values (65,97);
Insert into SYSTEM.POST_TAGS (POST_ID,TAG_ID) values (65,98);
Insert into SYSTEM.POST_TAGS (POST_ID,TAG_ID) values (65,99);
Insert into SYSTEM.POST_TAGS (POST_ID,TAG_ID) values (66,100);
Insert into SYSTEM.POST_TAGS (POST_ID,TAG_ID) values (66,101);
Insert into SYSTEM.POST_TAGS (POST_ID,TAG_ID) values (66,102);
Insert into SYSTEM.POST_TAGS (POST_ID,TAG_ID) values (66,103);
Insert into SYSTEM.POST_TAGS (POST_ID,TAG_ID) values (66,104);
Insert into SYSTEM.POST_TAGS (POST_ID,TAG_ID) values (67,105);
Insert into SYSTEM.POST_TAGS (POST_ID,TAG_ID) values (67,106);
Insert into SYSTEM.POST_TAGS (POST_ID,TAG_ID) values (67,107);
Insert into SYSTEM.POST_TAGS (POST_ID,TAG_ID) values (67,108);
Insert into SYSTEM.POST_TAGS (POST_ID,TAG_ID) values (67,109);
Insert into SYSTEM.POST_TAGS (POST_ID,TAG_ID) values (68,110);
Insert into SYSTEM.POST_TAGS (POST_ID,TAG_ID) values (68,101);
Insert into SYSTEM.POST_TAGS (POST_ID,TAG_ID) values (68,112);
Insert into SYSTEM.POST_TAGS (POST_ID,TAG_ID) values (68,113);
Insert into SYSTEM.POST_TAGS (POST_ID,TAG_ID) values (68,88);
Insert into SYSTEM.POST_TAGS (POST_ID,TAG_ID) values (73,200);
Insert into SYSTEM.POST_TAGS (POST_ID,TAG_ID) values (69,115);
Insert into SYSTEM.POST_TAGS (POST_ID,TAG_ID) values (69,116);
Insert into SYSTEM.POST_TAGS (POST_ID,TAG_ID) values (69,117);
Insert into SYSTEM.POST_TAGS (POST_ID,TAG_ID) values (69,118);
Insert into SYSTEM.POST_TAGS (POST_ID,TAG_ID) values (69,119);
Insert into SYSTEM.POST_TAGS (POST_ID,TAG_ID) values (71,120);
Insert into SYSTEM.POST_TAGS (POST_ID,TAG_ID) values (71,121);
Insert into SYSTEM.POST_TAGS (POST_ID,TAG_ID) values (71,122);
Insert into SYSTEM.POST_TAGS (POST_ID,TAG_ID) values (71,123);
Insert into SYSTEM.POST_TAGS (POST_ID,TAG_ID) values (71,124);
Insert into SYSTEM.POST_TAGS (POST_ID,TAG_ID) values (73,201);
Insert into SYSTEM.POST_TAGS (POST_ID,TAG_ID) values (73,202);
Insert into SYSTEM.POST_TAGS (POST_ID,TAG_ID) values (73,203);
Insert into SYSTEM.POST_TAGS (POST_ID,TAG_ID) values (34,252);
Insert into SYSTEM.POST_TAGS (POST_ID,TAG_ID) values (34,253);
Insert into SYSTEM.POST_TAGS (POST_ID,TAG_ID) values (34,254);
Insert into SYSTEM.POST_TAGS (POST_ID,TAG_ID) values (34,255);
REM INSERTING into SYSTEM.POST_VIEWS
SET DEFINE OFF;
Insert into SYSTEM.POST_VIEWS (VIEW_ID,POST_ID,USER_ID,IP_ADDR,VIEWED_AT) values (1,29,1,'::1',to_date('26/05/29','RR/MM/DD'));
Insert into SYSTEM.POST_VIEWS (VIEW_ID,POST_ID,USER_ID,IP_ADDR,VIEWED_AT) values (2,29,2,'::1',to_date('26/05/29','RR/MM/DD'));
Insert into SYSTEM.POST_VIEWS (VIEW_ID,POST_ID,USER_ID,IP_ADDR,VIEWED_AT) values (3,29,1,'::1',to_date('26/05/29','RR/MM/DD'));
Insert into SYSTEM.POST_VIEWS (VIEW_ID,POST_ID,USER_ID,IP_ADDR,VIEWED_AT) values (4,30,1,'::1',to_date('26/06/01','RR/MM/DD'));
Insert into SYSTEM.POST_VIEWS (VIEW_ID,POST_ID,USER_ID,IP_ADDR,VIEWED_AT) values (5,29,1,'::1',to_date('26/06/01','RR/MM/DD'));
Insert into SYSTEM.POST_VIEWS (VIEW_ID,POST_ID,USER_ID,IP_ADDR,VIEWED_AT) values (6,31,1,'::1',to_date('26/06/01','RR/MM/DD'));
Insert into SYSTEM.POST_VIEWS (VIEW_ID,POST_ID,USER_ID,IP_ADDR,VIEWED_AT) values (7,32,1,'::1',to_date('26/06/01','RR/MM/DD'));
Insert into SYSTEM.POST_VIEWS (VIEW_ID,POST_ID,USER_ID,IP_ADDR,VIEWED_AT) values (8,33,1,'::1',to_date('26/06/01','RR/MM/DD'));
Insert into SYSTEM.POST_VIEWS (VIEW_ID,POST_ID,USER_ID,IP_ADDR,VIEWED_AT) values (9,34,1,'::1',to_date('26/06/01','RR/MM/DD'));
Insert into SYSTEM.POST_VIEWS (VIEW_ID,POST_ID,USER_ID,IP_ADDR,VIEWED_AT) values (10,34,2,'::1',to_date('26/06/01','RR/MM/DD'));
Insert into SYSTEM.POST_VIEWS (VIEW_ID,POST_ID,USER_ID,IP_ADDR,VIEWED_AT) values (11,35,1,'::1',to_date('26/06/01','RR/MM/DD'));
Insert into SYSTEM.POST_VIEWS (VIEW_ID,POST_ID,USER_ID,IP_ADDR,VIEWED_AT) values (12,36,1,'::1',to_date('26/06/01','RR/MM/DD'));
Insert into SYSTEM.POST_VIEWS (VIEW_ID,POST_ID,USER_ID,IP_ADDR,VIEWED_AT) values (13,33,1,'::1',to_date('26/06/01','RR/MM/DD'));
Insert into SYSTEM.POST_VIEWS (VIEW_ID,POST_ID,USER_ID,IP_ADDR,VIEWED_AT) values (14,38,1,'::1',to_date('26/06/01','RR/MM/DD'));
Insert into SYSTEM.POST_VIEWS (VIEW_ID,POST_ID,USER_ID,IP_ADDR,VIEWED_AT) values (15,34,1,'::1',to_date('26/06/01','RR/MM/DD'));
Insert into SYSTEM.POST_VIEWS (VIEW_ID,POST_ID,USER_ID,IP_ADDR,VIEWED_AT) values (16,33,1,'::1',to_date('26/06/01','RR/MM/DD'));
Insert into SYSTEM.POST_VIEWS (VIEW_ID,POST_ID,USER_ID,IP_ADDR,VIEWED_AT) values (17,38,1,'::1',to_date('26/06/01','RR/MM/DD'));
Insert into SYSTEM.POST_VIEWS (VIEW_ID,POST_ID,USER_ID,IP_ADDR,VIEWED_AT) values (18,39,1,'::1',to_date('26/06/01','RR/MM/DD'));
Insert into SYSTEM.POST_VIEWS (VIEW_ID,POST_ID,USER_ID,IP_ADDR,VIEWED_AT) values (19,33,1,'::1',to_date('26/06/01','RR/MM/DD'));
Insert into SYSTEM.POST_VIEWS (VIEW_ID,POST_ID,USER_ID,IP_ADDR,VIEWED_AT) values (20,40,1,'::1',to_date('26/06/01','RR/MM/DD'));
Insert into SYSTEM.POST_VIEWS (VIEW_ID,POST_ID,USER_ID,IP_ADDR,VIEWED_AT) values (21,33,1,'::ffff:127.0.0.1',to_date('26/06/01','RR/MM/DD'));
Insert into SYSTEM.POST_VIEWS (VIEW_ID,POST_ID,USER_ID,IP_ADDR,VIEWED_AT) values (22,39,1,'::1',to_date('26/06/01','RR/MM/DD'));
Insert into SYSTEM.POST_VIEWS (VIEW_ID,POST_ID,USER_ID,IP_ADDR,VIEWED_AT) values (23,34,1,'::1',to_date('26/06/01','RR/MM/DD'));
Insert into SYSTEM.POST_VIEWS (VIEW_ID,POST_ID,USER_ID,IP_ADDR,VIEWED_AT) values (41,34,1,'::1',to_date('26/06/02','RR/MM/DD'));
Insert into SYSTEM.POST_VIEWS (VIEW_ID,POST_ID,USER_ID,IP_ADDR,VIEWED_AT) values (42,38,1,'::1',to_date('26/06/02','RR/MM/DD'));
Insert into SYSTEM.POST_VIEWS (VIEW_ID,POST_ID,USER_ID,IP_ADDR,VIEWED_AT) values (43,41,4,'::1',to_date('26/06/02','RR/MM/DD'));
Insert into SYSTEM.POST_VIEWS (VIEW_ID,POST_ID,USER_ID,IP_ADDR,VIEWED_AT) values (44,41,3,'::1',to_date('26/06/02','RR/MM/DD'));
Insert into SYSTEM.POST_VIEWS (VIEW_ID,POST_ID,USER_ID,IP_ADDR,VIEWED_AT) values (45,41,1,'::1',to_date('26/06/02','RR/MM/DD'));
Insert into SYSTEM.POST_VIEWS (VIEW_ID,POST_ID,USER_ID,IP_ADDR,VIEWED_AT) values (46,34,1,'::1',to_date('26/06/02','RR/MM/DD'));
Insert into SYSTEM.POST_VIEWS (VIEW_ID,POST_ID,USER_ID,IP_ADDR,VIEWED_AT) values (47,41,1,'::1',to_date('26/06/02','RR/MM/DD'));
Insert into SYSTEM.POST_VIEWS (VIEW_ID,POST_ID,USER_ID,IP_ADDR,VIEWED_AT) values (48,33,1,'::1',to_date('26/06/02','RR/MM/DD'));
Insert into SYSTEM.POST_VIEWS (VIEW_ID,POST_ID,USER_ID,IP_ADDR,VIEWED_AT) values (49,43,1,'::1',to_date('26/06/02','RR/MM/DD'));
Insert into SYSTEM.POST_VIEWS (VIEW_ID,POST_ID,USER_ID,IP_ADDR,VIEWED_AT) values (50,38,1,'::1',to_date('26/06/02','RR/MM/DD'));
Insert into SYSTEM.POST_VIEWS (VIEW_ID,POST_ID,USER_ID,IP_ADDR,VIEWED_AT) values (51,41,1,'::1',to_date('26/06/04','RR/MM/DD'));
Insert into SYSTEM.POST_VIEWS (VIEW_ID,POST_ID,USER_ID,IP_ADDR,VIEWED_AT) values (52,34,1,'::1',to_date('26/06/04','RR/MM/DD'));
Insert into SYSTEM.POST_VIEWS (VIEW_ID,POST_ID,USER_ID,IP_ADDR,VIEWED_AT) values (53,41,1,'::1',to_date('26/06/04','RR/MM/DD'));
Insert into SYSTEM.POST_VIEWS (VIEW_ID,POST_ID,USER_ID,IP_ADDR,VIEWED_AT) values (61,34,1,'::1',to_date('26/06/05','RR/MM/DD'));
Insert into SYSTEM.POST_VIEWS (VIEW_ID,POST_ID,USER_ID,IP_ADDR,VIEWED_AT) values (62,41,1,'::1',to_date('26/06/05','RR/MM/DD'));
Insert into SYSTEM.POST_VIEWS (VIEW_ID,POST_ID,USER_ID,IP_ADDR,VIEWED_AT) values (63,33,1,'::1',to_date('26/06/05','RR/MM/DD'));
Insert into SYSTEM.POST_VIEWS (VIEW_ID,POST_ID,USER_ID,IP_ADDR,VIEWED_AT) values (64,46,1,'::1',to_date('26/06/05','RR/MM/DD'));
Insert into SYSTEM.POST_VIEWS (VIEW_ID,POST_ID,USER_ID,IP_ADDR,VIEWED_AT) values (65,33,1,'::1',to_date('26/06/05','RR/MM/DD'));
Insert into SYSTEM.POST_VIEWS (VIEW_ID,POST_ID,USER_ID,IP_ADDR,VIEWED_AT) values (66,47,1,'::1',to_date('26/06/05','RR/MM/DD'));
Insert into SYSTEM.POST_VIEWS (VIEW_ID,POST_ID,USER_ID,IP_ADDR,VIEWED_AT) values (67,34,3,'::1',to_date('26/06/05','RR/MM/DD'));
Insert into SYSTEM.POST_VIEWS (VIEW_ID,POST_ID,USER_ID,IP_ADDR,VIEWED_AT) values (68,48,1,'::1',to_date('26/06/05','RR/MM/DD'));
Insert into SYSTEM.POST_VIEWS (VIEW_ID,POST_ID,USER_ID,IP_ADDR,VIEWED_AT) values (69,49,1,'::1',to_date('26/06/05','RR/MM/DD'));
Insert into SYSTEM.POST_VIEWS (VIEW_ID,POST_ID,USER_ID,IP_ADDR,VIEWED_AT) values (70,50,1,'::1',to_date('26/06/05','RR/MM/DD'));
Insert into SYSTEM.POST_VIEWS (VIEW_ID,POST_ID,USER_ID,IP_ADDR,VIEWED_AT) values (71,51,1,'::1',to_date('26/06/05','RR/MM/DD'));
Insert into SYSTEM.POST_VIEWS (VIEW_ID,POST_ID,USER_ID,IP_ADDR,VIEWED_AT) values (72,52,1,'::1',to_date('26/06/05','RR/MM/DD'));
Insert into SYSTEM.POST_VIEWS (VIEW_ID,POST_ID,USER_ID,IP_ADDR,VIEWED_AT) values (73,53,1,'::1',to_date('26/06/05','RR/MM/DD'));
Insert into SYSTEM.POST_VIEWS (VIEW_ID,POST_ID,USER_ID,IP_ADDR,VIEWED_AT) values (74,54,1,'::1',to_date('26/06/05','RR/MM/DD'));
Insert into SYSTEM.POST_VIEWS (VIEW_ID,POST_ID,USER_ID,IP_ADDR,VIEWED_AT) values (75,55,1,'::1',to_date('26/06/05','RR/MM/DD'));
Insert into SYSTEM.POST_VIEWS (VIEW_ID,POST_ID,USER_ID,IP_ADDR,VIEWED_AT) values (76,56,1,'::1',to_date('26/06/05','RR/MM/DD'));
Insert into SYSTEM.POST_VIEWS (VIEW_ID,POST_ID,USER_ID,IP_ADDR,VIEWED_AT) values (77,51,1,'::1',to_date('26/06/05','RR/MM/DD'));
Insert into SYSTEM.POST_VIEWS (VIEW_ID,POST_ID,USER_ID,IP_ADDR,VIEWED_AT) values (78,49,1,'::1',to_date('26/06/05','RR/MM/DD'));
Insert into SYSTEM.POST_VIEWS (VIEW_ID,POST_ID,USER_ID,IP_ADDR,VIEWED_AT) values (79,57,1,'::1',to_date('26/06/05','RR/MM/DD'));
Insert into SYSTEM.POST_VIEWS (VIEW_ID,POST_ID,USER_ID,IP_ADDR,VIEWED_AT) values (80,34,1,'::1',to_date('26/06/05','RR/MM/DD'));
Insert into SYSTEM.POST_VIEWS (VIEW_ID,POST_ID,USER_ID,IP_ADDR,VIEWED_AT) values (81,54,1,'::1',to_date('26/06/05','RR/MM/DD'));
Insert into SYSTEM.POST_VIEWS (VIEW_ID,POST_ID,USER_ID,IP_ADDR,VIEWED_AT) values (82,33,1,'::1',to_date('26/06/05','RR/MM/DD'));
Insert into SYSTEM.POST_VIEWS (VIEW_ID,POST_ID,USER_ID,IP_ADDR,VIEWED_AT) values (83,34,1,'::1',to_date('26/06/05','RR/MM/DD'));
Insert into SYSTEM.POST_VIEWS (VIEW_ID,POST_ID,USER_ID,IP_ADDR,VIEWED_AT) values (84,33,3,'::1',to_date('26/06/05','RR/MM/DD'));
Insert into SYSTEM.POST_VIEWS (VIEW_ID,POST_ID,USER_ID,IP_ADDR,VIEWED_AT) values (85,58,1,'::1',to_date('26/06/05','RR/MM/DD'));
Insert into SYSTEM.POST_VIEWS (VIEW_ID,POST_ID,USER_ID,IP_ADDR,VIEWED_AT) values (86,57,1,'::1',to_date('26/06/05','RR/MM/DD'));
Insert into SYSTEM.POST_VIEWS (VIEW_ID,POST_ID,USER_ID,IP_ADDR,VIEWED_AT) values (87,41,1,'::1',to_date('26/06/05','RR/MM/DD'));
Insert into SYSTEM.POST_VIEWS (VIEW_ID,POST_ID,USER_ID,IP_ADDR,VIEWED_AT) values (88,38,1,'::1',to_date('26/06/05','RR/MM/DD'));
Insert into SYSTEM.POST_VIEWS (VIEW_ID,POST_ID,USER_ID,IP_ADDR,VIEWED_AT) values (89,33,1,'::1',to_date('26/06/05','RR/MM/DD'));
Insert into SYSTEM.POST_VIEWS (VIEW_ID,POST_ID,USER_ID,IP_ADDR,VIEWED_AT) values (90,34,1,'::1',to_date('26/06/05','RR/MM/DD'));
Insert into SYSTEM.POST_VIEWS (VIEW_ID,POST_ID,USER_ID,IP_ADDR,VIEWED_AT) values (91,52,1,'::1',to_date('26/06/05','RR/MM/DD'));
Insert into SYSTEM.POST_VIEWS (VIEW_ID,POST_ID,USER_ID,IP_ADDR,VIEWED_AT) values (92,52,1,'::1',to_date('26/06/08','RR/MM/DD'));
Insert into SYSTEM.POST_VIEWS (VIEW_ID,POST_ID,USER_ID,IP_ADDR,VIEWED_AT) values (93,57,1,'::1',to_date('26/06/08','RR/MM/DD'));
Insert into SYSTEM.POST_VIEWS (VIEW_ID,POST_ID,USER_ID,IP_ADDR,VIEWED_AT) values (94,61,3,'::1',to_date('26/06/08','RR/MM/DD'));
Insert into SYSTEM.POST_VIEWS (VIEW_ID,POST_ID,USER_ID,IP_ADDR,VIEWED_AT) values (95,60,3,'::1',to_date('26/06/08','RR/MM/DD'));
Insert into SYSTEM.POST_VIEWS (VIEW_ID,POST_ID,USER_ID,IP_ADDR,VIEWED_AT) values (96,57,3,'::1',to_date('26/06/08','RR/MM/DD'));
Insert into SYSTEM.POST_VIEWS (VIEW_ID,POST_ID,USER_ID,IP_ADDR,VIEWED_AT) values (97,34,1,'::1',to_date('26/06/08','RR/MM/DD'));
Insert into SYSTEM.POST_VIEWS (VIEW_ID,POST_ID,USER_ID,IP_ADDR,VIEWED_AT) values (98,60,1,'::1',to_date('26/06/08','RR/MM/DD'));
Insert into SYSTEM.POST_VIEWS (VIEW_ID,POST_ID,USER_ID,IP_ADDR,VIEWED_AT) values (99,57,1,'::1',to_date('26/06/08','RR/MM/DD'));
Insert into SYSTEM.POST_VIEWS (VIEW_ID,POST_ID,USER_ID,IP_ADDR,VIEWED_AT) values (100,61,3,'::1',to_date('26/06/08','RR/MM/DD'));
Insert into SYSTEM.POST_VIEWS (VIEW_ID,POST_ID,USER_ID,IP_ADDR,VIEWED_AT) values (101,61,1,'::1',to_date('26/06/08','RR/MM/DD'));
Insert into SYSTEM.POST_VIEWS (VIEW_ID,POST_ID,USER_ID,IP_ADDR,VIEWED_AT) values (102,69,1,'::1',to_date('26/06/08','RR/MM/DD'));
Insert into SYSTEM.POST_VIEWS (VIEW_ID,POST_ID,USER_ID,IP_ADDR,VIEWED_AT) values (103,71,1,'::1',to_date('26/06/08','RR/MM/DD'));
Insert into SYSTEM.POST_VIEWS (VIEW_ID,POST_ID,USER_ID,IP_ADDR,VIEWED_AT) values (104,72,1,'::1',to_date('26/06/08','RR/MM/DD'));
Insert into SYSTEM.POST_VIEWS (VIEW_ID,POST_ID,USER_ID,IP_ADDR,VIEWED_AT) values (105,61,4,'::1',to_date('26/06/08','RR/MM/DD'));
Insert into SYSTEM.POST_VIEWS (VIEW_ID,POST_ID,USER_ID,IP_ADDR,VIEWED_AT) values (106,41,4,'::1',to_date('26/06/08','RR/MM/DD'));
Insert into SYSTEM.POST_VIEWS (VIEW_ID,POST_ID,USER_ID,IP_ADDR,VIEWED_AT) values (107,73,3,'::1',to_date('26/06/08','RR/MM/DD'));
Insert into SYSTEM.POST_VIEWS (VIEW_ID,POST_ID,USER_ID,IP_ADDR,VIEWED_AT) values (108,71,3,'::1',to_date('26/06/08','RR/MM/DD'));
Insert into SYSTEM.POST_VIEWS (VIEW_ID,POST_ID,USER_ID,IP_ADDR,VIEWED_AT) values (109,69,3,'::1',to_date('26/06/08','RR/MM/DD'));
Insert into SYSTEM.POST_VIEWS (VIEW_ID,POST_ID,USER_ID,IP_ADDR,VIEWED_AT) values (110,62,3,'::1',to_date('26/06/08','RR/MM/DD'));
Insert into SYSTEM.POST_VIEWS (VIEW_ID,POST_ID,USER_ID,IP_ADDR,VIEWED_AT) values (111,71,1,'::1',to_date('26/06/08','RR/MM/DD'));
Insert into SYSTEM.POST_VIEWS (VIEW_ID,POST_ID,USER_ID,IP_ADDR,VIEWED_AT) values (112,61,1,'::1',to_date('26/06/08','RR/MM/DD'));
Insert into SYSTEM.POST_VIEWS (VIEW_ID,POST_ID,USER_ID,IP_ADDR,VIEWED_AT) values (113,34,1,'::1',to_date('26/06/08','RR/MM/DD'));
Insert into SYSTEM.POST_VIEWS (VIEW_ID,POST_ID,USER_ID,IP_ADDR,VIEWED_AT) values (114,73,5,'::1',to_date('26/06/08','RR/MM/DD'));
Insert into SYSTEM.POST_VIEWS (VIEW_ID,POST_ID,USER_ID,IP_ADDR,VIEWED_AT) values (115,71,5,'::1',to_date('26/06/08','RR/MM/DD'));
Insert into SYSTEM.POST_VIEWS (VIEW_ID,POST_ID,USER_ID,IP_ADDR,VIEWED_AT) values (116,33,2,'::1',to_date('26/06/08','RR/MM/DD'));
Insert into SYSTEM.POST_VIEWS (VIEW_ID,POST_ID,USER_ID,IP_ADDR,VIEWED_AT) values (117,69,5,'::1',to_date('26/06/08','RR/MM/DD'));
Insert into SYSTEM.POST_VIEWS (VIEW_ID,POST_ID,USER_ID,IP_ADDR,VIEWED_AT) values (118,60,5,'::1',to_date('26/06/08','RR/MM/DD'));
Insert into SYSTEM.POST_VIEWS (VIEW_ID,POST_ID,USER_ID,IP_ADDR,VIEWED_AT) values (119,69,1,'::1',to_date('26/06/08','RR/MM/DD'));
Insert into SYSTEM.POST_VIEWS (VIEW_ID,POST_ID,USER_ID,IP_ADDR,VIEWED_AT) values (120,67,1,'::1',to_date('26/06/08','RR/MM/DD'));
Insert into SYSTEM.POST_VIEWS (VIEW_ID,POST_ID,USER_ID,IP_ADDR,VIEWED_AT) values (121,41,1,'::1',to_date('26/06/08','RR/MM/DD'));
Insert into SYSTEM.POST_VIEWS (VIEW_ID,POST_ID,USER_ID,IP_ADDR,VIEWED_AT) values (122,57,1,'::1',to_date('26/06/08','RR/MM/DD'));
Insert into SYSTEM.POST_VIEWS (VIEW_ID,POST_ID,USER_ID,IP_ADDR,VIEWED_AT) values (123,71,1,'::1',to_date('26/06/08','RR/MM/DD'));
Insert into SYSTEM.POST_VIEWS (VIEW_ID,POST_ID,USER_ID,IP_ADDR,VIEWED_AT) values (124,73,1,'::1',to_date('26/06/08','RR/MM/DD'));
Insert into SYSTEM.POST_VIEWS (VIEW_ID,POST_ID,USER_ID,IP_ADDR,VIEWED_AT) values (125,52,1,'::1',to_date('26/06/08','RR/MM/DD'));
Insert into SYSTEM.POST_VIEWS (VIEW_ID,POST_ID,USER_ID,IP_ADDR,VIEWED_AT) values (126,41,1,'::1',to_date('26/06/08','RR/MM/DD'));
Insert into SYSTEM.POST_VIEWS (VIEW_ID,POST_ID,USER_ID,IP_ADDR,VIEWED_AT) values (127,68,1,'::1',to_date('26/06/08','RR/MM/DD'));
Insert into SYSTEM.POST_VIEWS (VIEW_ID,POST_ID,USER_ID,IP_ADDR,VIEWED_AT) values (128,41,4,'::1',to_date('26/06/08','RR/MM/DD'));
REM INSERTING into SYSTEM.POSTS
SET DEFINE OFF;
Insert into SYSTEM.POSTS (POST_ID,USER_ID,CATEGORY_ID,POST_TYPE,TITLE,STATUS,CREATED_AT,VIEW_COUNT,SHARE_COUNT,UPDATED_AT,HIDE_LIKE_COUNT,DISABLE_COMMENTS,LOCATION) values (34,1,1,'QUESTION','왜 프로그래밍 언어마다 주석 문법이 다를까요?','ACTIVE',to_date('26/06/01','RR/MM/DD'),14,6,to_date('26/06/08','RR/MM/DD'),'N','N',null);
Insert into SYSTEM.POSTS (POST_ID,USER_ID,CATEGORY_ID,POST_TYPE,TITLE,STATUS,CREATED_AT,VIEW_COUNT,SHARE_COUNT,UPDATED_AT,HIDE_LIKE_COUNT,DISABLE_COMMENTS,LOCATION) values (35,1,3,'QUESTION','ㅇ','DELETED',to_date('26/06/01','RR/MM/DD'),1,0,to_date('26/06/01','RR/MM/DD'),'N','N',null);
Insert into SYSTEM.POSTS (POST_ID,USER_ID,CATEGORY_ID,POST_TYPE,TITLE,STATUS,CREATED_AT,VIEW_COUNT,SHARE_COUNT,UPDATED_AT,HIDE_LIKE_COUNT,DISABLE_COMMENTS,LOCATION) values (36,1,3,'QUESTION','ㅎ','DELETED',to_date('26/06/01','RR/MM/DD'),1,0,to_date('26/06/01','RR/MM/DD'),'N','N',null);
Insert into SYSTEM.POSTS (POST_ID,USER_ID,CATEGORY_ID,POST_TYPE,TITLE,STATUS,CREATED_AT,VIEW_COUNT,SHARE_COUNT,UPDATED_AT,HIDE_LIKE_COUNT,DISABLE_COMMENTS,LOCATION) values (37,1,3,'QUESTION','ㅇㅇ','DELETED',to_date('26/06/01','RR/MM/DD'),0,0,to_date('26/06/01','RR/MM/DD'),'N','N',null);
Insert into SYSTEM.POSTS (POST_ID,USER_ID,CATEGORY_ID,POST_TYPE,TITLE,STATUS,CREATED_AT,VIEW_COUNT,SHARE_COUNT,UPDATED_AT,HIDE_LIKE_COUNT,DISABLE_COMMENTS,LOCATION) values (38,2,2,'QUESTION','ㅎㅇ','ACTIVE',to_date('26/06/01','RR/MM/DD'),5,0,to_date('26/06/01','RR/MM/DD'),'N','N',null);
Insert into SYSTEM.POSTS (POST_ID,USER_ID,CATEGORY_ID,POST_TYPE,TITLE,STATUS,CREATED_AT,VIEW_COUNT,SHARE_COUNT,UPDATED_AT,HIDE_LIKE_COUNT,DISABLE_COMMENTS,LOCATION) values (39,1,3,'QUESTION','나는 방어','DELETED',to_date('26/06/01','RR/MM/DD'),2,0,to_date('26/06/01','RR/MM/DD'),'N','N',null);
Insert into SYSTEM.POSTS (POST_ID,USER_ID,CATEGORY_ID,POST_TYPE,TITLE,STATUS,CREATED_AT,VIEW_COUNT,SHARE_COUNT,UPDATED_AT,HIDE_LIKE_COUNT,DISABLE_COMMENTS,LOCATION) values (33,1,3,'QUESTION','ErrorPageRegistrarBeanPostProcessor 빈 오버라이딩 오류','ACTIVE',to_date('26/06/01','RR/MM/DD'),12,2,to_date('26/06/01','RR/MM/DD'),'N','N',null);
Insert into SYSTEM.POSTS (POST_ID,USER_ID,CATEGORY_ID,POST_TYPE,TITLE,STATUS,CREATED_AT,VIEW_COUNT,SHARE_COUNT,UPDATED_AT,HIDE_LIKE_COUNT,DISABLE_COMMENTS,LOCATION) values (40,1,2,'QUESTION','파닥파닥','DELETED',to_date('26/06/01','RR/MM/DD'),1,0,to_date('26/06/01','RR/MM/DD'),'N','N',null);
Insert into SYSTEM.POSTS (POST_ID,USER_ID,CATEGORY_ID,POST_TYPE,TITLE,STATUS,CREATED_AT,VIEW_COUNT,SHARE_COUNT,UPDATED_AT,HIDE_LIKE_COUNT,DISABLE_COMMENTS,LOCATION) values (41,4,3,'QUESTION','판다스 롤링 윈도우 이해 부족','ACTIVE',to_date('26/06/02','RR/MM/DD'),12,1,to_date('26/06/02','RR/MM/DD'),'N','N',null);
Insert into SYSTEM.POSTS (POST_ID,USER_ID,CATEGORY_ID,POST_TYPE,TITLE,STATUS,CREATED_AT,VIEW_COUNT,SHARE_COUNT,UPDATED_AT,HIDE_LIKE_COUNT,DISABLE_COMMENTS,LOCATION) values (42,1,3,'QUESTION','ㅇ','DELETED',to_date('26/06/02','RR/MM/DD'),0,0,to_date('26/06/02','RR/MM/DD'),'N','N',null);
Insert into SYSTEM.POSTS (POST_ID,USER_ID,CATEGORY_ID,POST_TYPE,TITLE,STATUS,CREATED_AT,VIEW_COUNT,SHARE_COUNT,UPDATED_AT,HIDE_LIKE_COUNT,DISABLE_COMMENTS,LOCATION) values (43,1,3,'QUESTION','ㅇ','DELETED',to_date('26/06/02','RR/MM/DD'),1,0,to_date('26/06/02','RR/MM/DD'),'N','N',null);
Insert into SYSTEM.POSTS (POST_ID,USER_ID,CATEGORY_ID,POST_TYPE,TITLE,STATUS,CREATED_AT,VIEW_COUNT,SHARE_COUNT,UPDATED_AT,HIDE_LIKE_COUNT,DISABLE_COMMENTS,LOCATION) values (44,1,3,'QUESTION','1','DELETED',to_date('26/06/02','RR/MM/DD'),0,0,to_date('26/06/02','RR/MM/DD'),'N','N',null);
Insert into SYSTEM.POSTS (POST_ID,USER_ID,CATEGORY_ID,POST_TYPE,TITLE,STATUS,CREATED_AT,VIEW_COUNT,SHARE_COUNT,UPDATED_AT,HIDE_LIKE_COUNT,DISABLE_COMMENTS,LOCATION) values (45,1,3,'QUESTION','3','DELETED',to_date('26/06/04','RR/MM/DD'),0,0,to_date('26/06/04','RR/MM/DD'),'N','N',null);
Insert into SYSTEM.POSTS (POST_ID,USER_ID,CATEGORY_ID,POST_TYPE,TITLE,STATUS,CREATED_AT,VIEW_COUNT,SHARE_COUNT,UPDATED_AT,HIDE_LIKE_COUNT,DISABLE_COMMENTS,LOCATION) values (46,1,3,'QUESTION','이거 뭐지','DELETED',to_date('26/06/05','RR/MM/DD'),1,0,to_date('26/06/05','RR/MM/DD'),'N','N',null);
Insert into SYSTEM.POSTS (POST_ID,USER_ID,CATEGORY_ID,POST_TYPE,TITLE,STATUS,CREATED_AT,VIEW_COUNT,SHARE_COUNT,UPDATED_AT,HIDE_LIKE_COUNT,DISABLE_COMMENTS,LOCATION) values (47,1,3,'QUESTION','ㅠㅠ이것뭐에요','DELETED',to_date('26/06/05','RR/MM/DD'),1,0,to_date('26/06/05','RR/MM/DD'),'N','N',null);
Insert into SYSTEM.POSTS (POST_ID,USER_ID,CATEGORY_ID,POST_TYPE,TITLE,STATUS,CREATED_AT,VIEW_COUNT,SHARE_COUNT,UPDATED_AT,HIDE_LIKE_COUNT,DISABLE_COMMENTS,LOCATION) values (48,1,3,'QUESTION','error in initSerDe : java.lang.ClassNotFoundException class org.apache.hive.hcatalog.data.JsonSerDe not found','DELETED',to_date('26/06/05','RR/MM/DD'),1,0,to_date('26/06/05','RR/MM/DD'),'N','N',null);
Insert into SYSTEM.POSTS (POST_ID,USER_ID,CATEGORY_ID,POST_TYPE,TITLE,STATUS,CREATED_AT,VIEW_COUNT,SHARE_COUNT,UPDATED_AT,HIDE_LIKE_COUNT,DISABLE_COMMENTS,LOCATION) values (49,1,3,'QUESTION','error in initSerDe : java.lang.ClassNotFoundException class org.apache.hive.hcatalog.data.JsonSerDe not found','DELETED',to_date('26/06/05','RR/MM/DD'),2,0,to_date('26/06/05','RR/MM/DD'),'N','N',null);
Insert into SYSTEM.POSTS (POST_ID,USER_ID,CATEGORY_ID,POST_TYPE,TITLE,STATUS,CREATED_AT,VIEW_COUNT,SHARE_COUNT,UPDATED_AT,HIDE_LIKE_COUNT,DISABLE_COMMENTS,LOCATION) values (50,1,3,'QUESTION','error in initSerDe : java.lang.ClassNotFoundException class org.apache.hive.hcatalog.data.JsonSerDe not found','DELETED',to_date('26/06/05','RR/MM/DD'),1,0,to_date('26/06/05','RR/MM/DD'),'N','N',null);
Insert into SYSTEM.POSTS (POST_ID,USER_ID,CATEGORY_ID,POST_TYPE,TITLE,STATUS,CREATED_AT,VIEW_COUNT,SHARE_COUNT,UPDATED_AT,HIDE_LIKE_COUNT,DISABLE_COMMENTS,LOCATION) values (51,1,3,'QUESTION','error in initSerDe : java.lang.ClassNotFoundException class org.apache.hive.hcatalog.data.JsonSerDe not found','DELETED',to_date('26/06/05','RR/MM/DD'),2,0,to_date('26/06/05','RR/MM/DD'),'N','N',null);
Insert into SYSTEM.POSTS (POST_ID,USER_ID,CATEGORY_ID,POST_TYPE,TITLE,STATUS,CREATED_AT,VIEW_COUNT,SHARE_COUNT,UPDATED_AT,HIDE_LIKE_COUNT,DISABLE_COMMENTS,LOCATION) values (52,1,2,'QUESTION','점메추!!!','ACTIVE',to_date('26/06/05','RR/MM/DD'),4,0,to_date('26/06/05','RR/MM/DD'),'N','N',null);
Insert into SYSTEM.POSTS (POST_ID,USER_ID,CATEGORY_ID,POST_TYPE,TITLE,STATUS,CREATED_AT,VIEW_COUNT,SHARE_COUNT,UPDATED_AT,HIDE_LIKE_COUNT,DISABLE_COMMENTS,LOCATION) values (53,1,2,'QUESTION','배고푸더','ACTIVE',to_date('26/06/05','RR/MM/DD'),1,0,to_date('26/06/05','RR/MM/DD'),'N','N',null);
Insert into SYSTEM.POSTS (POST_ID,USER_ID,CATEGORY_ID,POST_TYPE,TITLE,STATUS,CREATED_AT,VIEW_COUNT,SHARE_COUNT,UPDATED_AT,HIDE_LIKE_COUNT,DISABLE_COMMENTS,LOCATION) values (54,1,2,'QUESTION','안녕하세요','ACTIVE',to_date('26/06/05','RR/MM/DD'),2,0,to_date('26/06/05','RR/MM/DD'),'N','N',null);
Insert into SYSTEM.POSTS (POST_ID,USER_ID,CATEGORY_ID,POST_TYPE,TITLE,STATUS,CREATED_AT,VIEW_COUNT,SHARE_COUNT,UPDATED_AT,HIDE_LIKE_COUNT,DISABLE_COMMENTS,LOCATION) values (55,1,3,'QUESTION','ㅇ','DELETED',to_date('26/06/05','RR/MM/DD'),1,0,to_date('26/06/05','RR/MM/DD'),'N','N',null);
Insert into SYSTEM.POSTS (POST_ID,USER_ID,CATEGORY_ID,POST_TYPE,TITLE,STATUS,CREATED_AT,VIEW_COUNT,SHARE_COUNT,UPDATED_AT,HIDE_LIKE_COUNT,DISABLE_COMMENTS,LOCATION) values (56,1,3,'QUESTION','dd','DELETED',to_date('26/06/05','RR/MM/DD'),1,0,to_date('26/06/05','RR/MM/DD'),'N','N',null);
Insert into SYSTEM.POSTS (POST_ID,USER_ID,CATEGORY_ID,POST_TYPE,TITLE,STATUS,CREATED_AT,VIEW_COUNT,SHARE_COUNT,UPDATED_AT,HIDE_LIKE_COUNT,DISABLE_COMMENTS,LOCATION) values (57,1,2,'QUESTION','ㅇ','ACTIVE',to_date('26/06/05','RR/MM/DD'),6,0,to_date('26/06/05','RR/MM/DD'),'Y','Y','인천광역시 부평동');
Insert into SYSTEM.POSTS (POST_ID,USER_ID,CATEGORY_ID,POST_TYPE,TITLE,STATUS,CREATED_AT,VIEW_COUNT,SHARE_COUNT,UPDATED_AT,HIDE_LIKE_COUNT,DISABLE_COMMENTS,LOCATION) values (58,1,3,'QUESTION','ㅇ','DELETED',to_date('26/06/05','RR/MM/DD'),1,1,to_date('26/06/05','RR/MM/DD'),'N','N','인천광역시 부평동');
Insert into SYSTEM.POSTS (POST_ID,USER_ID,CATEGORY_ID,POST_TYPE,TITLE,STATUS,CREATED_AT,VIEW_COUNT,SHARE_COUNT,UPDATED_AT,HIDE_LIKE_COUNT,DISABLE_COMMENTS,LOCATION) values (59,1,4,'QUESTION','매일 글을 쓰면 좋은점','ACTIVE',to_date('26/06/08','RR/MM/DD'),0,0,to_date('26/06/08','RR/MM/DD'),'N','N',null);
Insert into SYSTEM.POSTS (POST_ID,USER_ID,CATEGORY_ID,POST_TYPE,TITLE,STATUS,CREATED_AT,VIEW_COUNT,SHARE_COUNT,UPDATED_AT,HIDE_LIKE_COUNT,DISABLE_COMMENTS,LOCATION) values (60,1,4,'QUESTION','1인 기업이라면 꼭 봐야하는 필독서 3권','ACTIVE',to_date('26/06/08','RR/MM/DD'),3,0,to_date('26/06/08','RR/MM/DD'),'N','N',null);
Insert into SYSTEM.POSTS (POST_ID,USER_ID,CATEGORY_ID,POST_TYPE,TITLE,STATUS,CREATED_AT,VIEW_COUNT,SHARE_COUNT,UPDATED_AT,HIDE_LIKE_COUNT,DISABLE_COMMENTS,LOCATION) values (61,3,4,'QUESTION','올해 꼭 알아야 할 트렌드 키워드 Top 3','ACTIVE',to_date('26/06/08','RR/MM/DD'),5,0,to_date('26/06/08','RR/MM/DD'),'N','N',null);
Insert into SYSTEM.POSTS (POST_ID,USER_ID,CATEGORY_ID,POST_TYPE,TITLE,STATUS,CREATED_AT,VIEW_COUNT,SHARE_COUNT,UPDATED_AT,HIDE_LIKE_COUNT,DISABLE_COMMENTS,LOCATION) values (62,3,4,'QUESTION','1인 기업이라면 꼭 봐야하는 필독서 3권','ACTIVE',to_date('26/06/08','RR/MM/DD'),1,0,to_date('26/06/08','RR/MM/DD'),'N','N',null);
Insert into SYSTEM.POSTS (POST_ID,USER_ID,CATEGORY_ID,POST_TYPE,TITLE,STATUS,CREATED_AT,VIEW_COUNT,SHARE_COUNT,UPDATED_AT,HIDE_LIKE_COUNT,DISABLE_COMMENTS,LOCATION) values (63,2,4,'QUESTION','나 자신과 데이트하는 하루 ','ACTIVE',to_date('26/06/08','RR/MM/DD'),0,0,to_date('26/06/08','RR/MM/DD'),'N','N',null);
Insert into SYSTEM.POSTS (POST_ID,USER_ID,CATEGORY_ID,POST_TYPE,TITLE,STATUS,CREATED_AT,VIEW_COUNT,SHARE_COUNT,UPDATED_AT,HIDE_LIKE_COUNT,DISABLE_COMMENTS,LOCATION) values (64,2,4,'QUESTION','현지인도 줄서는 일본 맛집 탐방 log','ACTIVE',to_date('26/06/08','RR/MM/DD'),0,0,to_date('26/06/08','RR/MM/DD'),'N','N',null);
Insert into SYSTEM.POSTS (POST_ID,USER_ID,CATEGORY_ID,POST_TYPE,TITLE,STATUS,CREATED_AT,VIEW_COUNT,SHARE_COUNT,UPDATED_AT,HIDE_LIKE_COUNT,DISABLE_COMMENTS,LOCATION) values (65,5,4,'QUESTION','모르면 안 되는 마케팅 비법 best 3','ACTIVE',to_date('26/06/08','RR/MM/DD'),0,0,to_date('26/06/08','RR/MM/DD'),'N','N',null);
Insert into SYSTEM.POSTS (POST_ID,USER_ID,CATEGORY_ID,POST_TYPE,TITLE,STATUS,CREATED_AT,VIEW_COUNT,SHARE_COUNT,UPDATED_AT,HIDE_LIKE_COUNT,DISABLE_COMMENTS,LOCATION) values (66,5,4,'QUESTION','내가 요즘 카메라에 담은 나의 삶','ACTIVE',to_date('26/06/08','RR/MM/DD'),0,0,to_date('26/06/08','RR/MM/DD'),'N','N',null);
Insert into SYSTEM.POSTS (POST_ID,USER_ID,CATEGORY_ID,POST_TYPE,TITLE,STATUS,CREATED_AT,VIEW_COUNT,SHARE_COUNT,UPDATED_AT,HIDE_LIKE_COUNT,DISABLE_COMMENTS,LOCATION) values (67,4,4,'QUESTION','전 지금 이곳에서 세계 최고의 부자가 된 기분이에요','ACTIVE',to_date('26/06/08','RR/MM/DD'),1,0,to_date('26/06/08','RR/MM/DD'),'N','N',null);
Insert into SYSTEM.POSTS (POST_ID,USER_ID,CATEGORY_ID,POST_TYPE,TITLE,STATUS,CREATED_AT,VIEW_COUNT,SHARE_COUNT,UPDATED_AT,HIDE_LIKE_COUNT,DISABLE_COMMENTS,LOCATION) values (68,4,4,'QUESTION','주말 브이로그 :)','ACTIVE',to_date('26/06/08','RR/MM/DD'),1,0,to_date('26/06/08','RR/MM/DD'),'N','N',null);
Insert into SYSTEM.POSTS (POST_ID,USER_ID,CATEGORY_ID,POST_TYPE,TITLE,STATUS,CREATED_AT,VIEW_COUNT,SHARE_COUNT,UPDATED_AT,HIDE_LIKE_COUNT,DISABLE_COMMENTS,LOCATION) values (69,1,4,'QUESTION','쉴땐 냉장고 열고, 쉬는날엔 노트북 연다!','ACTIVE',to_date('26/06/08','RR/MM/DD'),4,0,to_date('26/06/08','RR/MM/DD'),'N','N',null);
Insert into SYSTEM.POSTS (POST_ID,USER_ID,CATEGORY_ID,POST_TYPE,TITLE,STATUS,CREATED_AT,VIEW_COUNT,SHARE_COUNT,UPDATED_AT,HIDE_LIKE_COUNT,DISABLE_COMMENTS,LOCATION) values (70,1,4,'QUESTION','ㅇㅇ','DELETED',to_date('26/06/08','RR/MM/DD'),0,0,to_date('26/06/08','RR/MM/DD'),'N','N',null);
Insert into SYSTEM.POSTS (POST_ID,USER_ID,CATEGORY_ID,POST_TYPE,TITLE,STATUS,CREATED_AT,VIEW_COUNT,SHARE_COUNT,UPDATED_AT,HIDE_LIKE_COUNT,DISABLE_COMMENTS,LOCATION) values (71,1,4,'QUESTION','성장하는 주니어를 위한 업무 최고 팁 3가지','ACTIVE',to_date('26/06/08','RR/MM/DD'),5,0,to_date('26/06/08','RR/MM/DD'),'N','N',null);
Insert into SYSTEM.POSTS (POST_ID,USER_ID,CATEGORY_ID,POST_TYPE,TITLE,STATUS,CREATED_AT,VIEW_COUNT,SHARE_COUNT,UPDATED_AT,HIDE_LIKE_COUNT,DISABLE_COMMENTS,LOCATION) values (72,1,4,'QUESTION','ㅇ','DELETED',to_date('26/06/08','RR/MM/DD'),1,0,to_date('26/06/08','RR/MM/DD'),'N','N',null);
Insert into SYSTEM.POSTS (POST_ID,USER_ID,CATEGORY_ID,POST_TYPE,TITLE,STATUS,CREATED_AT,VIEW_COUNT,SHARE_COUNT,UPDATED_AT,HIDE_LIKE_COUNT,DISABLE_COMMENTS,LOCATION) values (73,3,3,'QUESTION','vuejs와 laravel을 이용한 URL 내 pass parameter','ACTIVE',to_date('26/06/08','RR/MM/DD'),3,0,to_date('26/06/08','RR/MM/DD'),'N','N',null);
REM INSERTING into SYSTEM.PROFILE_IMAGES
SET DEFINE OFF;
Insert into SYSTEM.PROFILE_IMAGES (IMAGE_ID,USER_ID,IMAGE_URL,IS_MAIN,UPLOADED_AT) values (1,1,'/uploads/1780274699993-738964141.png','N',to_date('26/06/01','RR/MM/DD'));
Insert into SYSTEM.PROFILE_IMAGES (IMAGE_ID,USER_ID,IMAGE_URL,IS_MAIN,UPLOADED_AT) values (2,1,'/uploads/1780274704871-15515264.jpg','N',to_date('26/06/01','RR/MM/DD'));
Insert into SYSTEM.PROFILE_IMAGES (IMAGE_ID,USER_ID,IMAGE_URL,IS_MAIN,UPLOADED_AT) values (3,1,'/uploads/profile/1780300756497-232062969.png','N',to_date('26/06/01','RR/MM/DD'));
Insert into SYSTEM.PROFILE_IMAGES (IMAGE_ID,USER_ID,IMAGE_URL,IS_MAIN,UPLOADED_AT) values (4,1,'/uploads/profile/1780301835882-478853521.png','N',to_date('26/06/01','RR/MM/DD'));
Insert into SYSTEM.PROFILE_IMAGES (IMAGE_ID,USER_ID,IMAGE_URL,IS_MAIN,UPLOADED_AT) values (5,3,'/uploads/profile/1780301926683-756308606.png','Y',to_date('26/06/01','RR/MM/DD'));
Insert into SYSTEM.PROFILE_IMAGES (IMAGE_ID,USER_ID,IMAGE_URL,IS_MAIN,UPLOADED_AT) values (6,2,'/uploads/profile/1780303595075-478829510.png','Y',to_date('26/06/01','RR/MM/DD'));
Insert into SYSTEM.PROFILE_IMAGES (IMAGE_ID,USER_ID,IMAGE_URL,IS_MAIN,UPLOADED_AT) values (7,1,'/uploads/profile/1780361768161-967715408.png','N',to_date('26/06/02','RR/MM/DD'));
Insert into SYSTEM.PROFILE_IMAGES (IMAGE_ID,USER_ID,IMAGE_URL,IS_MAIN,UPLOADED_AT) values (8,1,'/uploads/profile/1780361776985-71127831.png','N',to_date('26/06/02','RR/MM/DD'));
Insert into SYSTEM.PROFILE_IMAGES (IMAGE_ID,USER_ID,IMAGE_URL,IS_MAIN,UPLOADED_AT) values (9,1,'/uploads/profile/1780362416765-71910854.png','N',to_date('26/06/02','RR/MM/DD'));
Insert into SYSTEM.PROFILE_IMAGES (IMAGE_ID,USER_ID,IMAGE_URL,IS_MAIN,UPLOADED_AT) values (10,1,'/uploads/profile/1780362421380-290838038.png','N',to_date('26/06/02','RR/MM/DD'));
Insert into SYSTEM.PROFILE_IMAGES (IMAGE_ID,USER_ID,IMAGE_URL,IS_MAIN,UPLOADED_AT) values (11,1,'/uploads/profile/1780367478065-380572471.png','N',to_date('26/06/02','RR/MM/DD'));
Insert into SYSTEM.PROFILE_IMAGES (IMAGE_ID,USER_ID,IMAGE_URL,IS_MAIN,UPLOADED_AT) values (12,1,'/uploads/profile/1780367483647-85342195.png','Y',to_date('26/06/02','RR/MM/DD'));
Insert into SYSTEM.PROFILE_IMAGES (IMAGE_ID,USER_ID,IMAGE_URL,IS_MAIN,UPLOADED_AT) values (13,5,'/uploads/profile/1780887422415-308500601.png','Y',to_date('26/06/08','RR/MM/DD'));
Insert into SYSTEM.PROFILE_IMAGES (IMAGE_ID,USER_ID,IMAGE_URL,IS_MAIN,UPLOADED_AT) values (14,4,'/uploads/profile/1780887593509-635489170.png','Y',to_date('26/06/08','RR/MM/DD'));
REM INSERTING into SYSTEM.REPORTS
SET DEFINE OFF;
REM INSERTING into SYSTEM.TAGS
SET DEFINE OFF;
Insert into SYSTEM.TAGS (TAG_ID,TAG_NAME) values (1,'c#');
Insert into SYSTEM.TAGS (TAG_ID,TAG_NAME) values (2,'React');
Insert into SYSTEM.TAGS (TAG_ID,TAG_NAME) values (3,'Next.js');
Insert into SYSTEM.TAGS (TAG_ID,TAG_NAME) values (4,'JavaScript');
Insert into SYSTEM.TAGS (TAG_ID,TAG_NAME) values (5,'Node.js');
Insert into SYSTEM.TAGS (TAG_ID,TAG_NAME) values (6,'Python');
Insert into SYSTEM.TAGS (TAG_ID,TAG_NAME) values (7,'spring');
Insert into SYSTEM.TAGS (TAG_ID,TAG_NAME) values (8,'qb');
Insert into SYSTEM.TAGS (TAG_ID,TAG_NAME) values (9,'Java');
Insert into SYSTEM.TAGS (TAG_ID,TAG_NAME) values (10,'Spring Boot');
Insert into SYSTEM.TAGS (TAG_ID,TAG_NAME) values (12,'spring-mvc');
Insert into SYSTEM.TAGS (TAG_ID,TAG_NAME) values (13,'방어');
Insert into SYSTEM.TAGS (TAG_ID,TAG_NAME) values (14,'나는');
Insert into SYSTEM.TAGS (TAG_ID,TAG_NAME) values (15,'나는 방어');
Insert into SYSTEM.TAGS (TAG_ID,TAG_NAME) values (16,'파닥파닥');
Insert into SYSTEM.TAGS (TAG_ID,TAG_NAME) values (17,'물이');
Insert into SYSTEM.TAGS (TAG_ID,TAG_NAME) values (18,'물');
Insert into SYSTEM.TAGS (TAG_ID,TAG_NAME) values (19,'물대포');
Insert into SYSTEM.TAGS (TAG_ID,TAG_NAME) values (20,'방어빔');
Insert into SYSTEM.TAGS (TAG_ID,TAG_NAME) values (38,'pandas');
Insert into SYSTEM.TAGS (TAG_ID,TAG_NAME) values (39,'1234');
Insert into SYSTEM.TAGS (TAG_ID,TAG_NAME) values (43,'TypeScript');
Insert into SYSTEM.TAGS (TAG_ID,TAG_NAME) values (47,'scala');
Insert into SYSTEM.TAGS (TAG_ID,TAG_NAME) values (48,'hive');
Insert into SYSTEM.TAGS (TAG_ID,TAG_NAME) values (49,'apache-spark');
Insert into SYSTEM.TAGS (TAG_ID,TAG_NAME) values (50,'apache-spark-sql');
Insert into SYSTEM.TAGS (TAG_ID,TAG_NAME) values (63,'인사');
Insert into SYSTEM.TAGS (TAG_ID,TAG_NAME) values (64,'ㅇ');
Insert into SYSTEM.TAGS (TAG_ID,TAG_NAME) values (68,'릴스');
Insert into SYSTEM.TAGS (TAG_ID,TAG_NAME) values (69,'글쓰기');
Insert into SYSTEM.TAGS (TAG_ID,TAG_NAME) values (70,'1인기업');
Insert into SYSTEM.TAGS (TAG_ID,TAG_NAME) values (71,'필독서');
Insert into SYSTEM.TAGS (TAG_ID,TAG_NAME) values (72,'도서추천');
Insert into SYSTEM.TAGS (TAG_ID,TAG_NAME) values (73,'창업');
Insert into SYSTEM.TAGS (TAG_ID,TAG_NAME) values (74,'비즈니스');
Insert into SYSTEM.TAGS (TAG_ID,TAG_NAME) values (75,'2026트렌드');
Insert into SYSTEM.TAGS (TAG_ID,TAG_NAME) values (76,'UIUX디자인');
Insert into SYSTEM.TAGS (TAG_ID,TAG_NAME) values (77,'웹트렌드');
Insert into SYSTEM.TAGS (TAG_ID,TAG_NAME) values (79,'퍼스널브랜딩');
Insert into SYSTEM.TAGS (TAG_ID,TAG_NAME) values (83,'레버리지');
Insert into SYSTEM.TAGS (TAG_ID,TAG_NAME) values (85,'나홀로데이트');
Insert into SYSTEM.TAGS (TAG_ID,TAG_NAME) values (86,'솔로카티베이션');
Insert into SYSTEM.TAGS (TAG_ID,TAG_NAME) values (87,'힐링데이');
Insert into SYSTEM.TAGS (TAG_ID,TAG_NAME) values (88,'소확행');
Insert into SYSTEM.TAGS (TAG_ID,TAG_NAME) values (89,'나를위한선물');
Insert into SYSTEM.TAGS (TAG_ID,TAG_NAME) values (90,'일본여행');
Insert into SYSTEM.TAGS (TAG_ID,TAG_NAME) values (91,'현지인맛집');
Insert into SYSTEM.TAGS (TAG_ID,TAG_NAME) values (92,'도쿄맛집');
Insert into SYSTEM.TAGS (TAG_ID,TAG_NAME) values (93,'맛스타그램');
Insert into SYSTEM.TAGS (TAG_ID,TAG_NAME) values (94,'여행기록');
Insert into SYSTEM.TAGS (TAG_ID,TAG_NAME) values (95,'마케팅꿀팁');
Insert into SYSTEM.TAGS (TAG_ID,TAG_NAME) values (97,'브랜딩');
Insert into SYSTEM.TAGS (TAG_ID,TAG_NAME) values (98,'사업성공');
Insert into SYSTEM.TAGS (TAG_ID,TAG_NAME) values (99,'기획자');
Insert into SYSTEM.TAGS (TAG_ID,TAG_NAME) values (100,'일상기록');
Insert into SYSTEM.TAGS (TAG_ID,TAG_NAME) values (101,'브이로그');
Insert into SYSTEM.TAGS (TAG_ID,TAG_NAME) values (102,'요즘나의삶');
Insert into SYSTEM.TAGS (TAG_ID,TAG_NAME) values (103,'기록의힘');
Insert into SYSTEM.TAGS (TAG_ID,TAG_NAME) values (104,'나만의기록');
Insert into SYSTEM.TAGS (TAG_ID,TAG_NAME) values (105,'나만의시간');
Insert into SYSTEM.TAGS (TAG_ID,TAG_NAME) values (106,'충만한하루');
Insert into SYSTEM.TAGS (TAG_ID,TAG_NAME) values (107,'성공의기준');
Insert into SYSTEM.TAGS (TAG_ID,TAG_NAME) values (108,'행복수집가');
Insert into SYSTEM.TAGS (TAG_ID,TAG_NAME) values (109,'오늘의기록');
Insert into SYSTEM.TAGS (TAG_ID,TAG_NAME) values (110,'주말');
Insert into SYSTEM.TAGS (TAG_ID,TAG_NAME) values (112,'주말일상');
Insert into SYSTEM.TAGS (TAG_ID,TAG_NAME) values (113,'힐링타임');
Insert into SYSTEM.TAGS (TAG_ID,TAG_NAME) values (115,'노트북');
Insert into SYSTEM.TAGS (TAG_ID,TAG_NAME) values (116,'광고');
Insert into SYSTEM.TAGS (TAG_ID,TAG_NAME) values (117,'쉬는날');
Insert into SYSTEM.TAGS (TAG_ID,TAG_NAME) values (118,'노트북할인');
Insert into SYSTEM.TAGS (TAG_ID,TAG_NAME) values (119,'할인');
Insert into SYSTEM.TAGS (TAG_ID,TAG_NAME) values (120,'업무');
Insert into SYSTEM.TAGS (TAG_ID,TAG_NAME) values (121,'업무팁');
Insert into SYSTEM.TAGS (TAG_ID,TAG_NAME) values (122,'주니어');
Insert into SYSTEM.TAGS (TAG_ID,TAG_NAME) values (123,'꿀팁');
Insert into SYSTEM.TAGS (TAG_ID,TAG_NAME) values (124,'일상');
Insert into SYSTEM.TAGS (TAG_ID,TAG_NAME) values (200,'lalavel');
Insert into SYSTEM.TAGS (TAG_ID,TAG_NAME) values (201,'vue.js');
Insert into SYSTEM.TAGS (TAG_ID,TAG_NAME) values (202,'lalavel-5');
Insert into SYSTEM.TAGS (TAG_ID,TAG_NAME) values (203,'vuejs2');
Insert into SYSTEM.TAGS (TAG_ID,TAG_NAME) values (252,'주석');
Insert into SYSTEM.TAGS (TAG_ID,TAG_NAME) values (253,'프로그래밍');
Insert into SYSTEM.TAGS (TAG_ID,TAG_NAME) values (254,'html');
Insert into SYSTEM.TAGS (TAG_ID,TAG_NAME) values (255,'css');
REM INSERTING into SYSTEM.SUPPORT_INQUIRIES
SET DEFINE OFF;
REM INSERTING into SYSTEM.USER_SETTINGS
SET DEFINE OFF;
REM INSERTING into SYSTEM.USERS
SET DEFINE OFF;
Insert into SYSTEM.USERS (USER_ID,EMAIL,PASSWORD,NICKNAME,STATUS,IS_PRIVATE,TERMS_AGREE_YN,PRIVACY_AGREE_YN,MARKETING_YN,AGREED_AT,CREATED_AT,DELETED_AT,OAUTH_TYPE,OAUTH_ID,EMAIL_VERIFIED_AT,BIO,GITHUB,WEBSITE,BIO_SHORT,IS_PUBLIC,LAST_ACTIVE,NOTI_COMMENT,NOTI_LIKE,NOTI_FOLLOW,NOTI_MESSAGE,MSG_ALLOW,GROUP_ALLOW,TAG_ALLOW,MENTION_ALLOW,HIDE_LIKE_COUNT) values (1,'sosk1262@gmail.com','$2b$10$hW4XQVK.d1RB4dZueQboRe2hkMCMXEk6Pb6QXPYE8ucmR5ZBI64e.','채연','ACTIVE','Y','Y','Y','Y',to_date('26/05/29','RR/MM/DD'),to_date('26/05/29','RR/MM/DD'),null,'GOOGLE','117930900876908240898',to_date('26/05/29','RR/MM/DD'),'@오리깨객 ❤','sochaeyeon',null,'안녕하세요!','Y',to_timestamp('26/06/08 18:05:28.000000000','RR/MM/DD HH24:MI:SSXFF'),'Y','Y','Y','Y','EVERYONE','EVERYONE','EVERYONE','EVERYONE','N');
Insert into SYSTEM.USERS (USER_ID,EMAIL,PASSWORD,NICKNAME,STATUS,IS_PRIVATE,TERMS_AGREE_YN,PRIVACY_AGREE_YN,MARKETING_YN,AGREED_AT,CREATED_AT,DELETED_AT,OAUTH_TYPE,OAUTH_ID,EMAIL_VERIFIED_AT,BIO,GITHUB,WEBSITE,BIO_SHORT,IS_PUBLIC,LAST_ACTIVE,NOTI_COMMENT,NOTI_LIKE,NOTI_FOLLOW,NOTI_MESSAGE,MSG_ALLOW,GROUP_ALLOW,TAG_ALLOW,MENTION_ALLOW,HIDE_LIKE_COUNT) values (2,'alalal1340@naver.com','$2b$10$4K3oCgD8gCER6PnJj8N5yu1abUqEBoniMWdXEHWrvZD8IikkSEjYe','코딩고수','ACTIVE','N','Y','Y','Y',to_date('26/05/29','RR/MM/DD'),to_date('26/05/29','RR/MM/DD'),null,'LOCAL',null,to_date('26/05/29','RR/MM/DD'),null,null,null,null,'Y',to_timestamp('26/06/08 16:14:18.000000000','RR/MM/DD HH24:MI:SSXFF'),'Y','Y','Y','Y','EVERYONE','EVERYONE','EVERYONE','EVERYONE','N');
Insert into SYSTEM.USERS (USER_ID,EMAIL,PASSWORD,NICKNAME,STATUS,IS_PRIVATE,TERMS_AGREE_YN,PRIVACY_AGREE_YN,MARKETING_YN,AGREED_AT,CREATED_AT,DELETED_AT,OAUTH_TYPE,OAUTH_ID,EMAIL_VERIFIED_AT,BIO,GITHUB,WEBSITE,BIO_SHORT,IS_PUBLIC,LAST_ACTIVE,NOTI_COMMENT,NOTI_LIKE,NOTI_FOLLOW,NOTI_MESSAGE,MSG_ALLOW,GROUP_ALLOW,TAG_ALLOW,MENTION_ALLOW,HIDE_LIKE_COUNT) values (3,'alalal1340@hs.ac.kr','$2b$10$D5lkxgnlX6EVkSMc6SFJl.UYlX/u0weLTEMR8Pi5ZNGC1EmEVtM8m','오리깨객','ACTIVE','N','Y','Y','Y',to_date('26/06/01','RR/MM/DD'),to_date('26/06/01','RR/MM/DD'),null,'LOCAL',null,to_date('26/06/01','RR/MM/DD'),null,null,null,null,'Y',to_timestamp('26/06/08 16:13:36.000000000','RR/MM/DD HH24:MI:SSXFF'),'Y','Y','Y','Y','EVERYONE','EVERYONE','EVERYONE','EVERYONE','N');
Insert into SYSTEM.USERS (USER_ID,EMAIL,PASSWORD,NICKNAME,STATUS,IS_PRIVATE,TERMS_AGREE_YN,PRIVACY_AGREE_YN,MARKETING_YN,AGREED_AT,CREATED_AT,DELETED_AT,OAUTH_TYPE,OAUTH_ID,EMAIL_VERIFIED_AT,BIO,GITHUB,WEBSITE,BIO_SHORT,IS_PUBLIC,LAST_ACTIVE,NOTI_COMMENT,NOTI_LIKE,NOTI_FOLLOW,NOTI_MESSAGE,MSG_ALLOW,GROUP_ALLOW,TAG_ALLOW,MENTION_ALLOW,HIDE_LIKE_COUNT) values (4,'sosk0501@naver.com','$2b$10$9PtYO9FU4CKDRk5.nvejFOyVSgA2Hr9MyUUTwcDedIcq6Owlz.qvO','붉은머리오목눈이','ACTIVE','N','Y','Y','Y',to_date('26/06/02','RR/MM/DD'),to_date('26/06/02','RR/MM/DD'),null,'LOCAL',null,to_date('26/06/02','RR/MM/DD'),null,null,null,null,'Y',to_timestamp('26/06/08 18:02:56.000000000','RR/MM/DD HH24:MI:SSXFF'),'Y','Y','Y','Y','EVERYONE','EVERYONE','EVERYONE','EVERYONE','N');
Insert into SYSTEM.USERS (USER_ID,EMAIL,PASSWORD,NICKNAME,STATUS,IS_PRIVATE,TERMS_AGREE_YN,PRIVACY_AGREE_YN,MARKETING_YN,AGREED_AT,CREATED_AT,DELETED_AT,OAUTH_TYPE,OAUTH_ID,EMAIL_VERIFIED_AT,BIO,GITHUB,WEBSITE,BIO_SHORT,IS_PUBLIC,LAST_ACTIVE,NOTI_COMMENT,NOTI_LIKE,NOTI_FOLLOW,NOTI_MESSAGE,MSG_ALLOW,GROUP_ALLOW,TAG_ALLOW,MENTION_ALLOW,HIDE_LIKE_COUNT) values (5,'sosk050104@gmail.com','$2b$10$iKOBnVPJjEJCI680oAeYHu3p/bVbzCYdSnPbeOrZs.ha0DL0VgB42','키위새','ACTIVE','N','Y','Y','Y',to_date('26/06/02','RR/MM/DD'),to_date('26/06/02','RR/MM/DD'),null,'LOCAL',null,to_date('26/06/02','RR/MM/DD'),null,null,null,null,'Y',to_timestamp('26/06/08 18:04:43.000000000','RR/MM/DD HH24:MI:SSXFF'),'Y','Y','Y','Y','EVERYONE','EVERYONE','EVERYONE','EVERYONE','N');
Insert into SYSTEM.USERS (USER_ID,EMAIL,PASSWORD,NICKNAME,STATUS,IS_PRIVATE,TERMS_AGREE_YN,PRIVACY_AGREE_YN,MARKETING_YN,AGREED_AT,CREATED_AT,DELETED_AT,OAUTH_TYPE,OAUTH_ID,EMAIL_VERIFIED_AT,BIO,GITHUB,WEBSITE,BIO_SHORT,IS_PUBLIC,LAST_ACTIVE,NOTI_COMMENT,NOTI_LIKE,NOTI_FOLLOW,NOTI_MESSAGE,MSG_ALLOW,GROUP_ALLOW,TAG_ALLOW,MENTION_ALLOW,HIDE_LIKE_COUNT) values (6,'digi5069@gmail.com','$2b$10$NxsPWHVrrhYi5rqjoiAxQOYHhzWcZNxRxmFC2PGkLX7Ckd1lJ0UIC','짝대기','ACTIVE','N','Y','Y','Y',to_date('26/06/04','RR/MM/DD'),to_date('26/06/04','RR/MM/DD'),null,'LOCAL',null,to_date('26/06/04','RR/MM/DD'),null,null,null,null,'Y',null,'Y','Y','Y','Y','EVERYONE','EVERYONE','EVERYONE','EVERYONE','N');
--------------------------------------------------------
--  DDL for Index SYS_C008623
--------------------------------------------------------

  CREATE UNIQUE INDEX "SYSTEM"."SYS_C008623" ON "SYSTEM"."BOOKMARKS" ("BOOKMARK_ID") 
  PCTFREE 10 INITRANS 2 MAXTRANS 255 
  STORAGE(INITIAL 65536 NEXT 1048576 MINEXTENTS 1 MAXEXTENTS 2147483645
  PCTINCREASE 0 FREELISTS 1 FREELIST GROUPS 1
  BUFFER_POOL DEFAULT FLASH_CACHE DEFAULT CELL_FLASH_CACHE DEFAULT)
  TABLESPACE "SYSTEM" ;
--------------------------------------------------------
--  DDL for Index UQ_BOOKMARK
--------------------------------------------------------

  CREATE UNIQUE INDEX "SYSTEM"."UQ_BOOKMARK" ON "SYSTEM"."BOOKMARKS" ("POST_ID", "USER_ID") 
  PCTFREE 10 INITRANS 2 MAXTRANS 255 
  STORAGE(INITIAL 65536 NEXT 1048576 MINEXTENTS 1 MAXEXTENTS 2147483645
  PCTINCREASE 0 FREELISTS 1 FREELIST GROUPS 1
  BUFFER_POOL DEFAULT FLASH_CACHE DEFAULT CELL_FLASH_CACHE DEFAULT)
  TABLESPACE "SYSTEM" ;
--------------------------------------------------------
--  DDL for Index PK_AUTH_TOKENS
--------------------------------------------------------

  CREATE UNIQUE INDEX "SYSTEM"."PK_AUTH_TOKENS" ON "SYSTEM"."AUTH_TOKENS" ("TOKEN_ID") 
  PCTFREE 10 INITRANS 2 MAXTRANS 255 
  STORAGE(INITIAL 65536 NEXT 1048576 MINEXTENTS 1 MAXEXTENTS 2147483645
  PCTINCREASE 0 FREELISTS 1 FREELIST GROUPS 1
  BUFFER_POOL DEFAULT FLASH_CACHE DEFAULT CELL_FLASH_CACHE DEFAULT)
  TABLESPACE "SYSTEM" ;
--------------------------------------------------------
--  DDL for Index UQ_USER_DEVICE
--------------------------------------------------------

  CREATE UNIQUE INDEX "SYSTEM"."UQ_USER_DEVICE" ON "SYSTEM"."AUTH_TOKENS" ("USER_ID", "DEVICE_ID") 
  PCTFREE 10 INITRANS 2 MAXTRANS 255 
  STORAGE(INITIAL 65536 NEXT 1048576 MINEXTENTS 1 MAXEXTENTS 2147483645
  PCTINCREASE 0 FREELISTS 1 FREELIST GROUPS 1
  BUFFER_POOL DEFAULT FLASH_CACHE DEFAULT CELL_FLASH_CACHE DEFAULT)
  TABLESPACE "SYSTEM" ;
--------------------------------------------------------
--  DDL for Index PK_BAD_WORDS
--------------------------------------------------------

  CREATE UNIQUE INDEX "SYSTEM"."PK_BAD_WORDS" ON "SYSTEM"."BAD_WORDS" ("WORD_ID") 
  PCTFREE 10 INITRANS 2 MAXTRANS 255 
  STORAGE(INITIAL 65536 NEXT 1048576 MINEXTENTS 1 MAXEXTENTS 2147483645
  PCTINCREASE 0 FREELISTS 1 FREELIST GROUPS 1
  BUFFER_POOL DEFAULT FLASH_CACHE DEFAULT CELL_FLASH_CACHE DEFAULT)
  TABLESPACE "SYSTEM" ;
--------------------------------------------------------
--  DDL for Index UQ_BAD_WORDS_WORD
--------------------------------------------------------

  CREATE UNIQUE INDEX "SYSTEM"."UQ_BAD_WORDS_WORD" ON "SYSTEM"."BAD_WORDS" ("BANNED_WORD") 
  PCTFREE 10 INITRANS 2 MAXTRANS 255 
  STORAGE(INITIAL 65536 NEXT 1048576 MINEXTENTS 1 MAXEXTENTS 2147483645
  PCTINCREASE 0 FREELISTS 1 FREELIST GROUPS 1
  BUFFER_POOL DEFAULT FLASH_CACHE DEFAULT CELL_FLASH_CACHE DEFAULT)
  TABLESPACE "SYSTEM" ;
--------------------------------------------------------
--  DDL for Index SYS_C008650
--------------------------------------------------------

  CREATE UNIQUE INDEX "SYSTEM"."SYS_C008650" ON "SYSTEM"."CHAT_MEMBER_SETTINGS" ("ROOM_ID", "USER_ID") 
  PCTFREE 10 INITRANS 2 MAXTRANS 255 
  STORAGE(INITIAL 65536 NEXT 1048576 MINEXTENTS 1 MAXEXTENTS 2147483645
  PCTINCREASE 0 FREELISTS 1 FREELIST GROUPS 1
  BUFFER_POOL DEFAULT FLASH_CACHE DEFAULT CELL_FLASH_CACHE DEFAULT)
  TABLESPACE "SYSTEM" ;
--------------------------------------------------------
--  DDL for Index SYS_C008633
--------------------------------------------------------

  CREATE UNIQUE INDEX "SYSTEM"."SYS_C008633" ON "SYSTEM"."BLOCKS" ("BLOCK_ID") 
  PCTFREE 10 INITRANS 2 MAXTRANS 255 
  STORAGE(INITIAL 65536 NEXT 1048576 MINEXTENTS 1 MAXEXTENTS 2147483645
  PCTINCREASE 0 FREELISTS 1 FREELIST GROUPS 1
  BUFFER_POOL DEFAULT FLASH_CACHE DEFAULT CELL_FLASH_CACHE DEFAULT)
  TABLESPACE "SYSTEM" ;
--------------------------------------------------------
--  DDL for Index PK_CHAT_MEMBERS
--------------------------------------------------------

  CREATE UNIQUE INDEX "SYSTEM"."PK_CHAT_MEMBERS" ON "SYSTEM"."CHAT_MEMBERS" ("ROOM_ID", "USER_ID") 
  PCTFREE 10 INITRANS 2 MAXTRANS 255 
  STORAGE(INITIAL 65536 NEXT 1048576 MINEXTENTS 1 MAXEXTENTS 2147483645
  PCTINCREASE 0 FREELISTS 1 FREELIST GROUPS 1
  BUFFER_POOL DEFAULT FLASH_CACHE DEFAULT CELL_FLASH_CACHE DEFAULT)
  TABLESPACE "SYSTEM" ;
--------------------------------------------------------
--  DDL for Index SYS_C008600
--------------------------------------------------------

  CREATE UNIQUE INDEX "SYSTEM"."SYS_C008600" ON "SYSTEM"."ATTACHED_FILES" ("FILE_ID") 
  PCTFREE 10 INITRANS 2 MAXTRANS 255 
  STORAGE(INITIAL 65536 NEXT 1048576 MINEXTENTS 1 MAXEXTENTS 2147483645
  PCTINCREASE 0 FREELISTS 1 FREELIST GROUPS 1
  BUFFER_POOL DEFAULT FLASH_CACHE DEFAULT CELL_FLASH_CACHE DEFAULT)
  TABLESPACE "SYSTEM" ;
--------------------------------------------------------
--  DDL for Index PK_CATEGORIES
--------------------------------------------------------

  CREATE UNIQUE INDEX "SYSTEM"."PK_CATEGORIES" ON "SYSTEM"."CATEGORIES" ("CATEGORY_ID") 
  PCTFREE 10 INITRANS 2 MAXTRANS 255 
  STORAGE(INITIAL 65536 NEXT 1048576 MINEXTENTS 1 MAXEXTENTS 2147483645
  PCTINCREASE 0 FREELISTS 1 FREELIST GROUPS 1
  BUFFER_POOL DEFAULT FLASH_CACHE DEFAULT CELL_FLASH_CACHE DEFAULT)
  TABLESPACE "SYSTEM" ;
--------------------------------------------------------
--  DDL for Index UQ_CATEGORIES_NAME
--------------------------------------------------------

  CREATE UNIQUE INDEX "SYSTEM"."UQ_CATEGORIES_NAME" ON "SYSTEM"."CATEGORIES" ("CATEGORY_NAME") 
  PCTFREE 10 INITRANS 2 MAXTRANS 255 
  STORAGE(INITIAL 65536 NEXT 1048576 MINEXTENTS 1 MAXEXTENTS 2147483645
  PCTINCREASE 0 FREELISTS 1 FREELIST GROUPS 1
  BUFFER_POOL DEFAULT FLASH_CACHE DEFAULT CELL_FLASH_CACHE DEFAULT)
  TABLESPACE "SYSTEM" ;
--------------------------------------------------------
--  DDL for Index SYS_C008644
--------------------------------------------------------

  CREATE UNIQUE INDEX "SYSTEM"."SYS_C008644" ON "SYSTEM"."AI_ANSWERS" ("ANSWER_ID") 
  PCTFREE 10 INITRANS 2 MAXTRANS 255 
  STORAGE(INITIAL 65536 NEXT 1048576 MINEXTENTS 1 MAXEXTENTS 2147483645
  PCTINCREASE 0 FREELISTS 1 FREELIST GROUPS 1
  BUFFER_POOL DEFAULT FLASH_CACHE DEFAULT CELL_FLASH_CACHE DEFAULT)
  TABLESPACE "SYSTEM" ;
--------------------------------------------------------
--  DDL for Index PK_CHAT_MESSAGES
--------------------------------------------------------

  CREATE UNIQUE INDEX "SYSTEM"."PK_CHAT_MESSAGES" ON "SYSTEM"."CHAT_MESSAGES" ("MESSAGE_ID") 
  PCTFREE 10 INITRANS 2 MAXTRANS 255 
  STORAGE(INITIAL 65536 NEXT 1048576 MINEXTENTS 1 MAXEXTENTS 2147483645
  PCTINCREASE 0 FREELISTS 1 FREELIST GROUPS 1
  BUFFER_POOL DEFAULT FLASH_CACHE DEFAULT CELL_FLASH_CACHE DEFAULT)
  TABLESPACE "SYSTEM" ;
--------------------------------------------------------
--  DDL for Index SYS_C008656
--------------------------------------------------------

  CREATE UNIQUE INDEX "SYSTEM"."SYS_C008656" ON "SYSTEM"."CHAT_REACTIONS" ("REACTION_ID") 
  PCTFREE 10 INITRANS 2 MAXTRANS 255 
  STORAGE(INITIAL 65536 NEXT 1048576 MINEXTENTS 1 MAXEXTENTS 2147483645
  PCTINCREASE 0 FREELISTS 1 FREELIST GROUPS 1
  BUFFER_POOL DEFAULT FLASH_CACHE DEFAULT CELL_FLASH_CACHE DEFAULT)
  TABLESPACE "SYSTEM" ;
--------------------------------------------------------
--  DDL for Index SYS_C008657
--------------------------------------------------------

  CREATE UNIQUE INDEX "SYSTEM"."SYS_C008657" ON "SYSTEM"."CHAT_REACTIONS" ("MESSAGE_ID", "USER_ID", "EMOJI") 
  PCTFREE 10 INITRANS 2 MAXTRANS 255 
  STORAGE(INITIAL 65536 NEXT 1048576 MINEXTENTS 1 MAXEXTENTS 2147483645
  PCTINCREASE 0 FREELISTS 1 FREELIST GROUPS 1
  BUFFER_POOL DEFAULT FLASH_CACHE DEFAULT CELL_FLASH_CACHE DEFAULT)
  TABLESPACE "SYSTEM" ;
--------------------------------------------------------
--  DDL for Index SYS_C008630
--------------------------------------------------------

  CREATE UNIQUE INDEX "SYSTEM"."SYS_C008630" ON "SYSTEM"."CHAT_ROOM_SETTINGS" ("ROOM_ID") 
  PCTFREE 10 INITRANS 2 MAXTRANS 255 
  STORAGE(INITIAL 65536 NEXT 1048576 MINEXTENTS 1 MAXEXTENTS 2147483645
  PCTINCREASE 0 FREELISTS 1 FREELIST GROUPS 1
  BUFFER_POOL DEFAULT FLASH_CACHE DEFAULT CELL_FLASH_CACHE DEFAULT)
  TABLESPACE "SYSTEM" ;
--------------------------------------------------------
--  DDL for Index PK_CHAT_ROOMS
--------------------------------------------------------

  CREATE UNIQUE INDEX "SYSTEM"."PK_CHAT_ROOMS" ON "SYSTEM"."CHAT_ROOMS" ("ROOM_ID") 
  PCTFREE 10 INITRANS 2 MAXTRANS 255 
  STORAGE(INITIAL 65536 NEXT 1048576 MINEXTENTS 1 MAXEXTENTS 2147483645
  PCTINCREASE 0 FREELISTS 1 FREELIST GROUPS 1
  BUFFER_POOL DEFAULT FLASH_CACHE DEFAULT CELL_FLASH_CACHE DEFAULT)
  TABLESPACE "SYSTEM" ;
--------------------------------------------------------
--  DDL for Index PK_COMMENT_LIKES
--------------------------------------------------------

  CREATE UNIQUE INDEX "SYSTEM"."PK_COMMENT_LIKES" ON "SYSTEM"."COMMENT_LIKES" ("COMMENT_ID", "USER_ID") 
  PCTFREE 10 INITRANS 2 MAXTRANS 255 
  STORAGE(INITIAL 65536 NEXT 1048576 MINEXTENTS 1 MAXEXTENTS 2147483645
  PCTINCREASE 0 FREELISTS 1 FREELIST GROUPS 1
  BUFFER_POOL DEFAULT FLASH_CACHE DEFAULT CELL_FLASH_CACHE DEFAULT)
  TABLESPACE "SYSTEM" ;
--------------------------------------------------------
--  DDL for Index IDX_COMMENTS_POST
--------------------------------------------------------

  CREATE INDEX "SYSTEM"."IDX_COMMENTS_POST" ON "SYSTEM"."COMMENTS" ("POST_ID") 
  PCTFREE 10 INITRANS 2 MAXTRANS 255 COMPUTE STATISTICS 
  STORAGE(INITIAL 65536 NEXT 1048576 MINEXTENTS 1 MAXEXTENTS 2147483645
  PCTINCREASE 0 FREELISTS 1 FREELIST GROUPS 1
  BUFFER_POOL DEFAULT FLASH_CACHE DEFAULT CELL_FLASH_CACHE DEFAULT)
  TABLESPACE "SYSTEM" ;
--------------------------------------------------------
--  DDL for Index IDX_COMMENTS_PARENT
--------------------------------------------------------

  CREATE INDEX "SYSTEM"."IDX_COMMENTS_PARENT" ON "SYSTEM"."COMMENTS" ("PARENT_ID") 
  PCTFREE 10 INITRANS 2 MAXTRANS 255 COMPUTE STATISTICS 
  STORAGE(INITIAL 65536 NEXT 1048576 MINEXTENTS 1 MAXEXTENTS 2147483645
  PCTINCREASE 0 FREELISTS 1 FREELIST GROUPS 1
  BUFFER_POOL DEFAULT FLASH_CACHE DEFAULT CELL_FLASH_CACHE DEFAULT)
  TABLESPACE "SYSTEM" ;
--------------------------------------------------------
--  DDL for Index PK_COMMENTS
--------------------------------------------------------

  CREATE UNIQUE INDEX "SYSTEM"."PK_COMMENTS" ON "SYSTEM"."COMMENTS" ("COMMENT_ID") 
  PCTFREE 10 INITRANS 2 MAXTRANS 255 
  STORAGE(INITIAL 65536 NEXT 1048576 MINEXTENTS 1 MAXEXTENTS 2147483645
  PCTINCREASE 0 FREELISTS 1 FREELIST GROUPS 1
  BUFFER_POOL DEFAULT FLASH_CACHE DEFAULT CELL_FLASH_CACHE DEFAULT)
  TABLESPACE "SYSTEM" ;
--------------------------------------------------------
--  DDL for Index PK_FOLLOWS
--------------------------------------------------------

  CREATE UNIQUE INDEX "SYSTEM"."PK_FOLLOWS" ON "SYSTEM"."FOLLOWS" ("FOLLOWER_ID", "FOLLOWING_ID") 
  PCTFREE 10 INITRANS 2 MAXTRANS 255 
  STORAGE(INITIAL 65536 NEXT 1048576 MINEXTENTS 1 MAXEXTENTS 2147483645
  PCTINCREASE 0 FREELISTS 1 FREELIST GROUPS 1
  BUFFER_POOL DEFAULT FLASH_CACHE DEFAULT CELL_FLASH_CACHE DEFAULT)
  TABLESPACE "SYSTEM" ;
--------------------------------------------------------
--  DDL for Index SYS_C008638
--------------------------------------------------------

  CREATE UNIQUE INDEX "SYSTEM"."SYS_C008638" ON "SYSTEM"."MUTES" ("MUTE_ID") 
  PCTFREE 10 INITRANS 2 MAXTRANS 255 
  STORAGE(INITIAL 65536 NEXT 1048576 MINEXTENTS 1 MAXEXTENTS 2147483645
  PCTINCREASE 0 FREELISTS 1 FREELIST GROUPS 1
  BUFFER_POOL DEFAULT FLASH_CACHE DEFAULT CELL_FLASH_CACHE DEFAULT)
  TABLESPACE "SYSTEM" ;
--------------------------------------------------------
--  DDL for Index PK_NOTIFICATIONS
--------------------------------------------------------

  CREATE UNIQUE INDEX "SYSTEM"."PK_NOTIFICATIONS" ON "SYSTEM"."NOTIFICATIONS" ("NOTI_ID") 
  PCTFREE 10 INITRANS 2 MAXTRANS 255 
  STORAGE(INITIAL 65536 NEXT 1048576 MINEXTENTS 1 MAXEXTENTS 2147483645
  PCTINCREASE 0 FREELISTS 1 FREELIST GROUPS 1
  BUFFER_POOL DEFAULT FLASH_CACHE DEFAULT CELL_FLASH_CACHE DEFAULT)
  TABLESPACE "SYSTEM" ;
--------------------------------------------------------
--  DDL for Index SYS_C008618
--------------------------------------------------------

  CREATE UNIQUE INDEX "SYSTEM"."SYS_C008618" ON "SYSTEM"."POST_LIKES" ("LIKE_ID") 
  PCTFREE 10 INITRANS 2 MAXTRANS 255 
  STORAGE(INITIAL 65536 NEXT 1048576 MINEXTENTS 1 MAXEXTENTS 2147483645
  PCTINCREASE 0 FREELISTS 1 FREELIST GROUPS 1
  BUFFER_POOL DEFAULT FLASH_CACHE DEFAULT CELL_FLASH_CACHE DEFAULT)
  TABLESPACE "SYSTEM" ;
--------------------------------------------------------
--  DDL for Index UQ_POST_LIKE
--------------------------------------------------------

  CREATE UNIQUE INDEX "SYSTEM"."UQ_POST_LIKE" ON "SYSTEM"."POST_LIKES" ("POST_ID", "USER_ID") 
  PCTFREE 10 INITRANS 2 MAXTRANS 255 
  STORAGE(INITIAL 65536 NEXT 1048576 MINEXTENTS 1 MAXEXTENTS 2147483645
  PCTINCREASE 0 FREELISTS 1 FREELIST GROUPS 1
  BUFFER_POOL DEFAULT FLASH_CACHE DEFAULT CELL_FLASH_CACHE DEFAULT)
  TABLESPACE "SYSTEM" ;
--------------------------------------------------------
--  DDL for Index SYS_C008660
--------------------------------------------------------

  CREATE UNIQUE INDEX "SYSTEM"."SYS_C008660" ON "SYSTEM"."POST_MENTIONS" ("MENTION_ID") 
  PCTFREE 10 INITRANS 2 MAXTRANS 255 
  STORAGE(INITIAL 65536 NEXT 1048576 MINEXTENTS 1 MAXEXTENTS 2147483645
  PCTINCREASE 0 FREELISTS 1 FREELIST GROUPS 1
  BUFFER_POOL DEFAULT FLASH_CACHE DEFAULT CELL_FLASH_CACHE DEFAULT)
  TABLESPACE "SYSTEM" ;
--------------------------------------------------------
--  DDL for Index SYS_C008608
--------------------------------------------------------

  CREATE UNIQUE INDEX "SYSTEM"."SYS_C008608" ON "SYSTEM"."POST_REPORTS" ("REPORT_ID") 
  PCTFREE 10 INITRANS 2 MAXTRANS 255 
  STORAGE(INITIAL 65536 NEXT 1048576 MINEXTENTS 1 MAXEXTENTS 2147483645
  PCTINCREASE 0 FREELISTS 1 FREELIST GROUPS 1
  BUFFER_POOL DEFAULT FLASH_CACHE DEFAULT CELL_FLASH_CACHE DEFAULT)
  TABLESPACE "SYSTEM" ;
--------------------------------------------------------
--  DDL for Index UQ_REPORT
--------------------------------------------------------

  CREATE UNIQUE INDEX "SYSTEM"."UQ_REPORT" ON "SYSTEM"."POST_REPORTS" ("POST_ID", "USER_ID") 
  PCTFREE 10 INITRANS 2 MAXTRANS 255 
  STORAGE(INITIAL 65536 NEXT 1048576 MINEXTENTS 1 MAXEXTENTS 2147483645
  PCTINCREASE 0 FREELISTS 1 FREELIST GROUPS 1
  BUFFER_POOL DEFAULT FLASH_CACHE DEFAULT CELL_FLASH_CACHE DEFAULT)
  TABLESPACE "SYSTEM" ;
--------------------------------------------------------
--  DDL for Index PK_POST_TAGS
--------------------------------------------------------

  CREATE UNIQUE INDEX "SYSTEM"."PK_POST_TAGS" ON "SYSTEM"."POST_TAGS" ("POST_ID", "TAG_ID") 
  PCTFREE 10 INITRANS 2 MAXTRANS 255 
  STORAGE(INITIAL 65536 NEXT 1048576 MINEXTENTS 1 MAXEXTENTS 2147483645
  PCTINCREASE 0 FREELISTS 1 FREELIST GROUPS 1
  BUFFER_POOL DEFAULT FLASH_CACHE DEFAULT CELL_FLASH_CACHE DEFAULT)
  TABLESPACE "SYSTEM" ;
--------------------------------------------------------
--  DDL for Index SYS_C008613
--------------------------------------------------------

  CREATE UNIQUE INDEX "SYSTEM"."SYS_C008613" ON "SYSTEM"."POST_VIEWS" ("VIEW_ID") 
  PCTFREE 10 INITRANS 2 MAXTRANS 255 
  STORAGE(INITIAL 65536 NEXT 1048576 MINEXTENTS 1 MAXEXTENTS 2147483645
  PCTINCREASE 0 FREELISTS 1 FREELIST GROUPS 1
  BUFFER_POOL DEFAULT FLASH_CACHE DEFAULT CELL_FLASH_CACHE DEFAULT)
  TABLESPACE "SYSTEM" ;
--------------------------------------------------------
--  DDL for Index IDX_POST_VIEWS
--------------------------------------------------------

  CREATE INDEX "SYSTEM"."IDX_POST_VIEWS" ON "SYSTEM"."POST_VIEWS" ("POST_ID", "USER_ID") 
  PCTFREE 10 INITRANS 2 MAXTRANS 255 COMPUTE STATISTICS 
  STORAGE(INITIAL 65536 NEXT 1048576 MINEXTENTS 1 MAXEXTENTS 2147483645
  PCTINCREASE 0 FREELISTS 1 FREELIST GROUPS 1
  BUFFER_POOL DEFAULT FLASH_CACHE DEFAULT CELL_FLASH_CACHE DEFAULT)
  TABLESPACE "SYSTEM" ;
--------------------------------------------------------
--  DDL for Index SYS_C008599
--------------------------------------------------------

  CREATE UNIQUE INDEX "SYSTEM"."SYS_C008599" ON "SYSTEM"."POSTS" ("POST_ID") 
  PCTFREE 10 INITRANS 2 MAXTRANS 255 
  STORAGE(INITIAL 65536 NEXT 1048576 MINEXTENTS 1 MAXEXTENTS 2147483645
  PCTINCREASE 0 FREELISTS 1 FREELIST GROUPS 1
  BUFFER_POOL DEFAULT FLASH_CACHE DEFAULT CELL_FLASH_CACHE DEFAULT)
  TABLESPACE "SYSTEM" ;
--------------------------------------------------------
--  DDL for Index PK_PROFILE_IMAGES
--------------------------------------------------------

  CREATE UNIQUE INDEX "SYSTEM"."PK_PROFILE_IMAGES" ON "SYSTEM"."PROFILE_IMAGES" ("IMAGE_ID") 
  PCTFREE 10 INITRANS 2 MAXTRANS 255 
  STORAGE(INITIAL 65536 NEXT 1048576 MINEXTENTS 1 MAXEXTENTS 2147483645
  PCTINCREASE 0 FREELISTS 1 FREELIST GROUPS 1
  BUFFER_POOL DEFAULT FLASH_CACHE DEFAULT CELL_FLASH_CACHE DEFAULT)
  TABLESPACE "SYSTEM" ;
--------------------------------------------------------
--  DDL for Index PK_REPORTS
--------------------------------------------------------

  CREATE UNIQUE INDEX "SYSTEM"."PK_REPORTS" ON "SYSTEM"."REPORTS" ("REPORT_ID") 
  PCTFREE 10 INITRANS 2 MAXTRANS 255 
  STORAGE(INITIAL 65536 NEXT 1048576 MINEXTENTS 1 MAXEXTENTS 2147483645
  PCTINCREASE 0 FREELISTS 1 FREELIST GROUPS 1
  BUFFER_POOL DEFAULT FLASH_CACHE DEFAULT CELL_FLASH_CACHE DEFAULT)
  TABLESPACE "SYSTEM" ;
--------------------------------------------------------
--  DDL for Index PK_TAGS
--------------------------------------------------------

  CREATE UNIQUE INDEX "SYSTEM"."PK_TAGS" ON "SYSTEM"."TAGS" ("TAG_ID") 
  PCTFREE 10 INITRANS 2 MAXTRANS 255 
  STORAGE(INITIAL 65536 NEXT 1048576 MINEXTENTS 1 MAXEXTENTS 2147483645
  PCTINCREASE 0 FREELISTS 1 FREELIST GROUPS 1
  BUFFER_POOL DEFAULT FLASH_CACHE DEFAULT CELL_FLASH_CACHE DEFAULT)
  TABLESPACE "SYSTEM" ;
--------------------------------------------------------
--  DDL for Index UQ_TAGS_NAME
--------------------------------------------------------

  CREATE UNIQUE INDEX "SYSTEM"."UQ_TAGS_NAME" ON "SYSTEM"."TAGS" ("TAG_NAME") 
  PCTFREE 10 INITRANS 2 MAXTRANS 255 
  STORAGE(INITIAL 65536 NEXT 1048576 MINEXTENTS 1 MAXEXTENTS 2147483645
  PCTINCREASE 0 FREELISTS 1 FREELIST GROUPS 1
  BUFFER_POOL DEFAULT FLASH_CACHE DEFAULT CELL_FLASH_CACHE DEFAULT)
  TABLESPACE "SYSTEM" ;
--------------------------------------------------------
--  DDL for Index PK_SUPPORT_INQUIRIES
--------------------------------------------------------

  CREATE UNIQUE INDEX "SYSTEM"."PK_SUPPORT_INQUIRIES" ON "SYSTEM"."SUPPORT_INQUIRIES" ("INQUIRY_ID") 
  PCTFREE 10 INITRANS 2 MAXTRANS 255 
  STORAGE(INITIAL 65536 NEXT 1048576 MINEXTENTS 1 MAXEXTENTS 2147483645
  PCTINCREASE 0 FREELISTS 1 FREELIST GROUPS 1
  BUFFER_POOL DEFAULT FLASH_CACHE DEFAULT CELL_FLASH_CACHE DEFAULT)
  TABLESPACE "SYSTEM" ;
--------------------------------------------------------
--  DDL for Index PK_USER_SETTINGS
--------------------------------------------------------

  CREATE UNIQUE INDEX "SYSTEM"."PK_USER_SETTINGS" ON "SYSTEM"."USER_SETTINGS" ("SETTING_ID") 
  PCTFREE 10 INITRANS 2 MAXTRANS 255 
  STORAGE(INITIAL 65536 NEXT 1048576 MINEXTENTS 1 MAXEXTENTS 2147483645
  PCTINCREASE 0 FREELISTS 1 FREELIST GROUPS 1
  BUFFER_POOL DEFAULT FLASH_CACHE DEFAULT CELL_FLASH_CACHE DEFAULT)
  TABLESPACE "SYSTEM" ;
--------------------------------------------------------
--  DDL for Index UQ_USER_SETTINGS_USER
--------------------------------------------------------

  CREATE UNIQUE INDEX "SYSTEM"."UQ_USER_SETTINGS_USER" ON "SYSTEM"."USER_SETTINGS" ("USER_ID") 
  PCTFREE 10 INITRANS 2 MAXTRANS 255 
  STORAGE(INITIAL 65536 NEXT 1048576 MINEXTENTS 1 MAXEXTENTS 2147483645
  PCTINCREASE 0 FREELISTS 1 FREELIST GROUPS 1
  BUFFER_POOL DEFAULT FLASH_CACHE DEFAULT CELL_FLASH_CACHE DEFAULT)
  TABLESPACE "SYSTEM" ;
--------------------------------------------------------
--  DDL for Index PK_USERS
--------------------------------------------------------

  CREATE UNIQUE INDEX "SYSTEM"."PK_USERS" ON "SYSTEM"."USERS" ("USER_ID") 
  PCTFREE 10 INITRANS 2 MAXTRANS 255 
  STORAGE(INITIAL 65536 NEXT 1048576 MINEXTENTS 1 MAXEXTENTS 2147483645
  PCTINCREASE 0 FREELISTS 1 FREELIST GROUPS 1
  BUFFER_POOL DEFAULT FLASH_CACHE DEFAULT CELL_FLASH_CACHE DEFAULT)
  TABLESPACE "SYSTEM" ;
--------------------------------------------------------
--  DDL for Index UQ_USERS_EMAIL
--------------------------------------------------------

  CREATE UNIQUE INDEX "SYSTEM"."UQ_USERS_EMAIL" ON "SYSTEM"."USERS" ("EMAIL") 
  PCTFREE 10 INITRANS 2 MAXTRANS 255 
  STORAGE(INITIAL 65536 NEXT 1048576 MINEXTENTS 1 MAXEXTENTS 2147483645
  PCTINCREASE 0 FREELISTS 1 FREELIST GROUPS 1
  BUFFER_POOL DEFAULT FLASH_CACHE DEFAULT CELL_FLASH_CACHE DEFAULT)
  TABLESPACE "SYSTEM" ;
--------------------------------------------------------
--  Constraints for Table BOOKMARKS
--------------------------------------------------------

  ALTER TABLE "SYSTEM"."BOOKMARKS" MODIFY ("BOOKMARK_ID" NOT NULL ENABLE);
  ALTER TABLE "SYSTEM"."BOOKMARKS" MODIFY ("POST_ID" NOT NULL ENABLE);
  ALTER TABLE "SYSTEM"."BOOKMARKS" MODIFY ("USER_ID" NOT NULL ENABLE);
  ALTER TABLE "SYSTEM"."BOOKMARKS" ADD PRIMARY KEY ("BOOKMARK_ID")
  USING INDEX PCTFREE 10 INITRANS 2 MAXTRANS 255 
  STORAGE(INITIAL 65536 NEXT 1048576 MINEXTENTS 1 MAXEXTENTS 2147483645
  PCTINCREASE 0 FREELISTS 1 FREELIST GROUPS 1
  BUFFER_POOL DEFAULT FLASH_CACHE DEFAULT CELL_FLASH_CACHE DEFAULT)
  TABLESPACE "SYSTEM"  ENABLE;
  ALTER TABLE "SYSTEM"."BOOKMARKS" ADD CONSTRAINT "UQ_BOOKMARK" UNIQUE ("POST_ID", "USER_ID")
  USING INDEX PCTFREE 10 INITRANS 2 MAXTRANS 255 
  STORAGE(INITIAL 65536 NEXT 1048576 MINEXTENTS 1 MAXEXTENTS 2147483645
  PCTINCREASE 0 FREELISTS 1 FREELIST GROUPS 1
  BUFFER_POOL DEFAULT FLASH_CACHE DEFAULT CELL_FLASH_CACHE DEFAULT)
  TABLESPACE "SYSTEM"  ENABLE;
--------------------------------------------------------
--  Constraints for Table AUTH_TOKENS
--------------------------------------------------------

  ALTER TABLE "SYSTEM"."AUTH_TOKENS" MODIFY ("USER_ID" NOT NULL ENABLE);
  ALTER TABLE "SYSTEM"."AUTH_TOKENS" MODIFY ("DEVICE_ID" NOT NULL ENABLE);
  ALTER TABLE "SYSTEM"."AUTH_TOKENS" MODIFY ("REFRESH_TOKEN" NOT NULL ENABLE);
  ALTER TABLE "SYSTEM"."AUTH_TOKENS" MODIFY ("EXPIRES_AT" NOT NULL ENABLE);
  ALTER TABLE "SYSTEM"."AUTH_TOKENS" ADD CONSTRAINT "PK_AUTH_TOKENS" PRIMARY KEY ("TOKEN_ID")
  USING INDEX PCTFREE 10 INITRANS 2 MAXTRANS 255 
  STORAGE(INITIAL 65536 NEXT 1048576 MINEXTENTS 1 MAXEXTENTS 2147483645
  PCTINCREASE 0 FREELISTS 1 FREELIST GROUPS 1
  BUFFER_POOL DEFAULT FLASH_CACHE DEFAULT CELL_FLASH_CACHE DEFAULT)
  TABLESPACE "SYSTEM"  ENABLE;
  ALTER TABLE "SYSTEM"."AUTH_TOKENS" ADD CONSTRAINT "UQ_USER_DEVICE" UNIQUE ("USER_ID", "DEVICE_ID")
  USING INDEX PCTFREE 10 INITRANS 2 MAXTRANS 255 
  STORAGE(INITIAL 65536 NEXT 1048576 MINEXTENTS 1 MAXEXTENTS 2147483645
  PCTINCREASE 0 FREELISTS 1 FREELIST GROUPS 1
  BUFFER_POOL DEFAULT FLASH_CACHE DEFAULT CELL_FLASH_CACHE DEFAULT)
  TABLESPACE "SYSTEM"  ENABLE;
--------------------------------------------------------
--  Constraints for Table BAD_WORDS
--------------------------------------------------------

  ALTER TABLE "SYSTEM"."BAD_WORDS" MODIFY ("BANNED_WORD" NOT NULL ENABLE);
  ALTER TABLE "SYSTEM"."BAD_WORDS" ADD CONSTRAINT "PK_BAD_WORDS" PRIMARY KEY ("WORD_ID")
  USING INDEX PCTFREE 10 INITRANS 2 MAXTRANS 255 
  STORAGE(INITIAL 65536 NEXT 1048576 MINEXTENTS 1 MAXEXTENTS 2147483645
  PCTINCREASE 0 FREELISTS 1 FREELIST GROUPS 1
  BUFFER_POOL DEFAULT FLASH_CACHE DEFAULT CELL_FLASH_CACHE DEFAULT)
  TABLESPACE "SYSTEM"  ENABLE;
  ALTER TABLE "SYSTEM"."BAD_WORDS" ADD CONSTRAINT "UQ_BAD_WORDS_WORD" UNIQUE ("BANNED_WORD")
  USING INDEX PCTFREE 10 INITRANS 2 MAXTRANS 255 
  STORAGE(INITIAL 65536 NEXT 1048576 MINEXTENTS 1 MAXEXTENTS 2147483645
  PCTINCREASE 0 FREELISTS 1 FREELIST GROUPS 1
  BUFFER_POOL DEFAULT FLASH_CACHE DEFAULT CELL_FLASH_CACHE DEFAULT)
  TABLESPACE "SYSTEM"  ENABLE;
--------------------------------------------------------
--  Constraints for Table CHAT_MEMBER_SETTINGS
--------------------------------------------------------

  ALTER TABLE "SYSTEM"."CHAT_MEMBER_SETTINGS" MODIFY ("ROOM_ID" NOT NULL ENABLE);
  ALTER TABLE "SYSTEM"."CHAT_MEMBER_SETTINGS" MODIFY ("USER_ID" NOT NULL ENABLE);
  ALTER TABLE "SYSTEM"."CHAT_MEMBER_SETTINGS" MODIFY ("IS_MUTED" NOT NULL ENABLE);
  ALTER TABLE "SYSTEM"."CHAT_MEMBER_SETTINGS" ADD PRIMARY KEY ("ROOM_ID", "USER_ID")
  USING INDEX PCTFREE 10 INITRANS 2 MAXTRANS 255 
  STORAGE(INITIAL 65536 NEXT 1048576 MINEXTENTS 1 MAXEXTENTS 2147483645
  PCTINCREASE 0 FREELISTS 1 FREELIST GROUPS 1
  BUFFER_POOL DEFAULT FLASH_CACHE DEFAULT CELL_FLASH_CACHE DEFAULT)
  TABLESPACE "SYSTEM"  ENABLE;
--------------------------------------------------------
--  Constraints for Table BLOCKS
--------------------------------------------------------

  ALTER TABLE "SYSTEM"."BLOCKS" MODIFY ("BLOCKER_ID" NOT NULL ENABLE);
  ALTER TABLE "SYSTEM"."BLOCKS" MODIFY ("BLOCKED_ID" NOT NULL ENABLE);
  ALTER TABLE "SYSTEM"."BLOCKS" ADD PRIMARY KEY ("BLOCK_ID")
  USING INDEX PCTFREE 10 INITRANS 2 MAXTRANS 255 
  STORAGE(INITIAL 65536 NEXT 1048576 MINEXTENTS 1 MAXEXTENTS 2147483645
  PCTINCREASE 0 FREELISTS 1 FREELIST GROUPS 1
  BUFFER_POOL DEFAULT FLASH_CACHE DEFAULT CELL_FLASH_CACHE DEFAULT)
  TABLESPACE "SYSTEM"  ENABLE;
--------------------------------------------------------
--  Constraints for Table CHAT_MEMBERS
--------------------------------------------------------

  ALTER TABLE "SYSTEM"."CHAT_MEMBERS" MODIFY ("IS_HIDDEN" NOT NULL ENABLE);
  ALTER TABLE "SYSTEM"."CHAT_MEMBERS" ADD CONSTRAINT "PK_CHAT_MEMBERS" PRIMARY KEY ("ROOM_ID", "USER_ID")
  USING INDEX PCTFREE 10 INITRANS 2 MAXTRANS 255 
  STORAGE(INITIAL 65536 NEXT 1048576 MINEXTENTS 1 MAXEXTENTS 2147483645
  PCTINCREASE 0 FREELISTS 1 FREELIST GROUPS 1
  BUFFER_POOL DEFAULT FLASH_CACHE DEFAULT CELL_FLASH_CACHE DEFAULT)
  TABLESPACE "SYSTEM"  ENABLE;
--------------------------------------------------------
--  Constraints for Table ATTACHED_FILES
--------------------------------------------------------

  ALTER TABLE "SYSTEM"."ATTACHED_FILES" ADD PRIMARY KEY ("FILE_ID")
  USING INDEX PCTFREE 10 INITRANS 2 MAXTRANS 255 
  STORAGE(INITIAL 65536 NEXT 1048576 MINEXTENTS 1 MAXEXTENTS 2147483645
  PCTINCREASE 0 FREELISTS 1 FREELIST GROUPS 1
  BUFFER_POOL DEFAULT FLASH_CACHE DEFAULT CELL_FLASH_CACHE DEFAULT)
  TABLESPACE "SYSTEM"  ENABLE;
--------------------------------------------------------
--  Constraints for Table CATEGORIES
--------------------------------------------------------

  ALTER TABLE "SYSTEM"."CATEGORIES" MODIFY ("CATEGORY_NAME" NOT NULL ENABLE);
  ALTER TABLE "SYSTEM"."CATEGORIES" ADD CONSTRAINT "PK_CATEGORIES" PRIMARY KEY ("CATEGORY_ID")
  USING INDEX PCTFREE 10 INITRANS 2 MAXTRANS 255 
  STORAGE(INITIAL 65536 NEXT 1048576 MINEXTENTS 1 MAXEXTENTS 2147483645
  PCTINCREASE 0 FREELISTS 1 FREELIST GROUPS 1
  BUFFER_POOL DEFAULT FLASH_CACHE DEFAULT CELL_FLASH_CACHE DEFAULT)
  TABLESPACE "SYSTEM"  ENABLE;
  ALTER TABLE "SYSTEM"."CATEGORIES" ADD CONSTRAINT "UQ_CATEGORIES_NAME" UNIQUE ("CATEGORY_NAME")
  USING INDEX PCTFREE 10 INITRANS 2 MAXTRANS 255 
  STORAGE(INITIAL 65536 NEXT 1048576 MINEXTENTS 1 MAXEXTENTS 2147483645
  PCTINCREASE 0 FREELISTS 1 FREELIST GROUPS 1
  BUFFER_POOL DEFAULT FLASH_CACHE DEFAULT CELL_FLASH_CACHE DEFAULT)
  TABLESPACE "SYSTEM"  ENABLE;
--------------------------------------------------------
--  Constraints for Table AI_ANSWERS
--------------------------------------------------------

  ALTER TABLE "SYSTEM"."AI_ANSWERS" MODIFY ("ANSWER_ID" NOT NULL ENABLE);
  ALTER TABLE "SYSTEM"."AI_ANSWERS" MODIFY ("POST_ID" NOT NULL ENABLE);
  ALTER TABLE "SYSTEM"."AI_ANSWERS" MODIFY ("ANSWER" NOT NULL ENABLE);
  ALTER TABLE "SYSTEM"."AI_ANSWERS" ADD PRIMARY KEY ("ANSWER_ID")
  USING INDEX PCTFREE 10 INITRANS 2 MAXTRANS 255 
  STORAGE(INITIAL 65536 NEXT 1048576 MINEXTENTS 1 MAXEXTENTS 2147483645
  PCTINCREASE 0 FREELISTS 1 FREELIST GROUPS 1
  BUFFER_POOL DEFAULT FLASH_CACHE DEFAULT CELL_FLASH_CACHE DEFAULT)
  TABLESPACE "SYSTEM"  ENABLE;
--------------------------------------------------------
--  Constraints for Table CHAT_MESSAGES
--------------------------------------------------------

  ALTER TABLE "SYSTEM"."CHAT_MESSAGES" MODIFY ("IS_SYSTEM" NOT NULL ENABLE);
  ALTER TABLE "SYSTEM"."CHAT_MESSAGES" MODIFY ("ROOM_ID" NOT NULL ENABLE);
  ALTER TABLE "SYSTEM"."CHAT_MESSAGES" MODIFY ("SENDER_ID" NOT NULL ENABLE);
  ALTER TABLE "SYSTEM"."CHAT_MESSAGES" MODIFY ("MESSAGE" NOT NULL ENABLE);
  ALTER TABLE "SYSTEM"."CHAT_MESSAGES" MODIFY ("IS_READ" NOT NULL ENABLE);
  ALTER TABLE "SYSTEM"."CHAT_MESSAGES" MODIFY ("IS_DELETED" NOT NULL ENABLE);
  ALTER TABLE "SYSTEM"."CHAT_MESSAGES" ADD CONSTRAINT "CK_CHAT_MSG_READ" CHECK (IS_READ IN ('Y', 'N')) ENABLE;
  ALTER TABLE "SYSTEM"."CHAT_MESSAGES" ADD CONSTRAINT "CK_CHAT_MSG_DELETED" CHECK (IS_DELETED IN ('Y', 'N')) ENABLE;
  ALTER TABLE "SYSTEM"."CHAT_MESSAGES" ADD CONSTRAINT "PK_CHAT_MESSAGES" PRIMARY KEY ("MESSAGE_ID")
  USING INDEX PCTFREE 10 INITRANS 2 MAXTRANS 255 
  STORAGE(INITIAL 65536 NEXT 1048576 MINEXTENTS 1 MAXEXTENTS 2147483645
  PCTINCREASE 0 FREELISTS 1 FREELIST GROUPS 1
  BUFFER_POOL DEFAULT FLASH_CACHE DEFAULT CELL_FLASH_CACHE DEFAULT)
  TABLESPACE "SYSTEM"  ENABLE;
--------------------------------------------------------
--  Constraints for Table CHAT_REACTIONS
--------------------------------------------------------

  ALTER TABLE "SYSTEM"."CHAT_REACTIONS" MODIFY ("MESSAGE_ID" NOT NULL ENABLE);
  ALTER TABLE "SYSTEM"."CHAT_REACTIONS" MODIFY ("ROOM_ID" NOT NULL ENABLE);
  ALTER TABLE "SYSTEM"."CHAT_REACTIONS" MODIFY ("USER_ID" NOT NULL ENABLE);
  ALTER TABLE "SYSTEM"."CHAT_REACTIONS" MODIFY ("EMOJI" NOT NULL ENABLE);
  ALTER TABLE "SYSTEM"."CHAT_REACTIONS" ADD PRIMARY KEY ("REACTION_ID")
  USING INDEX PCTFREE 10 INITRANS 2 MAXTRANS 255 
  STORAGE(INITIAL 65536 NEXT 1048576 MINEXTENTS 1 MAXEXTENTS 2147483645
  PCTINCREASE 0 FREELISTS 1 FREELIST GROUPS 1
  BUFFER_POOL DEFAULT FLASH_CACHE DEFAULT CELL_FLASH_CACHE DEFAULT)
  TABLESPACE "SYSTEM"  ENABLE;
  ALTER TABLE "SYSTEM"."CHAT_REACTIONS" ADD UNIQUE ("MESSAGE_ID", "USER_ID", "EMOJI")
  USING INDEX PCTFREE 10 INITRANS 2 MAXTRANS 255 
  STORAGE(INITIAL 65536 NEXT 1048576 MINEXTENTS 1 MAXEXTENTS 2147483645
  PCTINCREASE 0 FREELISTS 1 FREELIST GROUPS 1
  BUFFER_POOL DEFAULT FLASH_CACHE DEFAULT CELL_FLASH_CACHE DEFAULT)
  TABLESPACE "SYSTEM"  ENABLE;
--------------------------------------------------------
--  Constraints for Table CHAT_ROOM_SETTINGS
--------------------------------------------------------

  ALTER TABLE "SYSTEM"."CHAT_ROOM_SETTINGS" ADD PRIMARY KEY ("ROOM_ID")
  USING INDEX PCTFREE 10 INITRANS 2 MAXTRANS 255 
  STORAGE(INITIAL 65536 NEXT 1048576 MINEXTENTS 1 MAXEXTENTS 2147483645
  PCTINCREASE 0 FREELISTS 1 FREELIST GROUPS 1
  BUFFER_POOL DEFAULT FLASH_CACHE DEFAULT CELL_FLASH_CACHE DEFAULT)
  TABLESPACE "SYSTEM"  ENABLE;
--------------------------------------------------------
--  Constraints for Table CHAT_ROOMS
--------------------------------------------------------

  ALTER TABLE "SYSTEM"."CHAT_ROOMS" MODIFY ("ROOM_TYPE" NOT NULL ENABLE);
  ALTER TABLE "SYSTEM"."CHAT_ROOMS" ADD CONSTRAINT "CK_CHAT_ROOMS_TYPE" CHECK (ROOM_TYPE IN ('DIRECT', 'GROUP')) ENABLE;
  ALTER TABLE "SYSTEM"."CHAT_ROOMS" ADD CONSTRAINT "PK_CHAT_ROOMS" PRIMARY KEY ("ROOM_ID")
  USING INDEX PCTFREE 10 INITRANS 2 MAXTRANS 255 
  STORAGE(INITIAL 65536 NEXT 1048576 MINEXTENTS 1 MAXEXTENTS 2147483645
  PCTINCREASE 0 FREELISTS 1 FREELIST GROUPS 1
  BUFFER_POOL DEFAULT FLASH_CACHE DEFAULT CELL_FLASH_CACHE DEFAULT)
  TABLESPACE "SYSTEM"  ENABLE;
--------------------------------------------------------
--  Constraints for Table COMMENT_LIKES
--------------------------------------------------------

  ALTER TABLE "SYSTEM"."COMMENT_LIKES" MODIFY ("COMMENT_ID" NOT NULL ENABLE);
  ALTER TABLE "SYSTEM"."COMMENT_LIKES" MODIFY ("USER_ID" NOT NULL ENABLE);
  ALTER TABLE "SYSTEM"."COMMENT_LIKES" ADD CONSTRAINT "PK_COMMENT_LIKES" PRIMARY KEY ("COMMENT_ID", "USER_ID")
  USING INDEX PCTFREE 10 INITRANS 2 MAXTRANS 255 
  STORAGE(INITIAL 65536 NEXT 1048576 MINEXTENTS 1 MAXEXTENTS 2147483645
  PCTINCREASE 0 FREELISTS 1 FREELIST GROUPS 1
  BUFFER_POOL DEFAULT FLASH_CACHE DEFAULT CELL_FLASH_CACHE DEFAULT)
  TABLESPACE "SYSTEM"  ENABLE;
--------------------------------------------------------
--  Constraints for Table COMMENTS
--------------------------------------------------------

  ALTER TABLE "SYSTEM"."COMMENTS" MODIFY ("POST_ID" NOT NULL ENABLE);
  ALTER TABLE "SYSTEM"."COMMENTS" MODIFY ("USER_ID" NOT NULL ENABLE);
  ALTER TABLE "SYSTEM"."COMMENTS" MODIFY ("CONTENT" NOT NULL ENABLE);
  ALTER TABLE "SYSTEM"."COMMENTS" MODIFY ("STATUS" NOT NULL ENABLE);
  ALTER TABLE "SYSTEM"."COMMENTS" ADD CONSTRAINT "CK_COMMENTS_STATUS" CHECK (STATUS IN ('ACTIVE', 'DELETED')) ENABLE;
  ALTER TABLE "SYSTEM"."COMMENTS" ADD CONSTRAINT "PK_COMMENTS" PRIMARY KEY ("COMMENT_ID")
  USING INDEX PCTFREE 10 INITRANS 2 MAXTRANS 255 
  STORAGE(INITIAL 65536 NEXT 1048576 MINEXTENTS 1 MAXEXTENTS 2147483645
  PCTINCREASE 0 FREELISTS 1 FREELIST GROUPS 1
  BUFFER_POOL DEFAULT FLASH_CACHE DEFAULT CELL_FLASH_CACHE DEFAULT)
  TABLESPACE "SYSTEM"  ENABLE;
--------------------------------------------------------
--  Constraints for Table FOLLOWS
--------------------------------------------------------

  ALTER TABLE "SYSTEM"."FOLLOWS" ADD CONSTRAINT "PK_FOLLOWS" PRIMARY KEY ("FOLLOWER_ID", "FOLLOWING_ID")
  USING INDEX PCTFREE 10 INITRANS 2 MAXTRANS 255 
  STORAGE(INITIAL 65536 NEXT 1048576 MINEXTENTS 1 MAXEXTENTS 2147483645
  PCTINCREASE 0 FREELISTS 1 FREELIST GROUPS 1
  BUFFER_POOL DEFAULT FLASH_CACHE DEFAULT CELL_FLASH_CACHE DEFAULT)
  TABLESPACE "SYSTEM"  ENABLE;
  ALTER TABLE "SYSTEM"."FOLLOWS" MODIFY ("STATUS" NOT NULL ENABLE);
--------------------------------------------------------
--  Constraints for Table MUTES
--------------------------------------------------------

  ALTER TABLE "SYSTEM"."MUTES" MODIFY ("MUTER_ID" NOT NULL ENABLE);
  ALTER TABLE "SYSTEM"."MUTES" MODIFY ("MUTED_ID" NOT NULL ENABLE);
  ALTER TABLE "SYSTEM"."MUTES" ADD PRIMARY KEY ("MUTE_ID")
  USING INDEX PCTFREE 10 INITRANS 2 MAXTRANS 255 
  STORAGE(INITIAL 65536 NEXT 1048576 MINEXTENTS 1 MAXEXTENTS 2147483645
  PCTINCREASE 0 FREELISTS 1 FREELIST GROUPS 1
  BUFFER_POOL DEFAULT FLASH_CACHE DEFAULT CELL_FLASH_CACHE DEFAULT)
  TABLESPACE "SYSTEM"  ENABLE;
--------------------------------------------------------
--  Constraints for Table NOTIFICATIONS
--------------------------------------------------------

  ALTER TABLE "SYSTEM"."NOTIFICATIONS" MODIFY ("RECEIVER_ID" NOT NULL ENABLE);
  ALTER TABLE "SYSTEM"."NOTIFICATIONS" MODIFY ("NOTI_TYPE" NOT NULL ENABLE);
  ALTER TABLE "SYSTEM"."NOTIFICATIONS" MODIFY ("TARGET_TYPE" NOT NULL ENABLE);
  ALTER TABLE "SYSTEM"."NOTIFICATIONS" MODIFY ("TARGET_ID" NOT NULL ENABLE);
  ALTER TABLE "SYSTEM"."NOTIFICATIONS" MODIFY ("IS_READ" NOT NULL ENABLE);
  ALTER TABLE "SYSTEM"."NOTIFICATIONS" ADD CONSTRAINT "CK_NOTI_READ" CHECK (IS_READ IN ('Y', 'N')) ENABLE;
  ALTER TABLE "SYSTEM"."NOTIFICATIONS" ADD CONSTRAINT "PK_NOTIFICATIONS" PRIMARY KEY ("NOTI_ID")
  USING INDEX PCTFREE 10 INITRANS 2 MAXTRANS 255 
  STORAGE(INITIAL 65536 NEXT 1048576 MINEXTENTS 1 MAXEXTENTS 2147483645
  PCTINCREASE 0 FREELISTS 1 FREELIST GROUPS 1
  BUFFER_POOL DEFAULT FLASH_CACHE DEFAULT CELL_FLASH_CACHE DEFAULT)
  TABLESPACE "SYSTEM"  ENABLE;
--------------------------------------------------------
--  Constraints for Table POST_LIKES
--------------------------------------------------------

  ALTER TABLE "SYSTEM"."POST_LIKES" MODIFY ("LIKE_ID" NOT NULL ENABLE);
  ALTER TABLE "SYSTEM"."POST_LIKES" MODIFY ("POST_ID" NOT NULL ENABLE);
  ALTER TABLE "SYSTEM"."POST_LIKES" MODIFY ("USER_ID" NOT NULL ENABLE);
  ALTER TABLE "SYSTEM"."POST_LIKES" ADD PRIMARY KEY ("LIKE_ID")
  USING INDEX PCTFREE 10 INITRANS 2 MAXTRANS 255 
  STORAGE(INITIAL 65536 NEXT 1048576 MINEXTENTS 1 MAXEXTENTS 2147483645
  PCTINCREASE 0 FREELISTS 1 FREELIST GROUPS 1
  BUFFER_POOL DEFAULT FLASH_CACHE DEFAULT CELL_FLASH_CACHE DEFAULT)
  TABLESPACE "SYSTEM"  ENABLE;
  ALTER TABLE "SYSTEM"."POST_LIKES" ADD CONSTRAINT "UQ_POST_LIKE" UNIQUE ("POST_ID", "USER_ID")
  USING INDEX PCTFREE 10 INITRANS 2 MAXTRANS 255 
  STORAGE(INITIAL 65536 NEXT 1048576 MINEXTENTS 1 MAXEXTENTS 2147483645
  PCTINCREASE 0 FREELISTS 1 FREELIST GROUPS 1
  BUFFER_POOL DEFAULT FLASH_CACHE DEFAULT CELL_FLASH_CACHE DEFAULT)
  TABLESPACE "SYSTEM"  ENABLE;
--------------------------------------------------------
--  Constraints for Table POST_MENTIONS
--------------------------------------------------------

  ALTER TABLE "SYSTEM"."POST_MENTIONS" MODIFY ("POST_ID" NOT NULL ENABLE);
  ALTER TABLE "SYSTEM"."POST_MENTIONS" MODIFY ("USER_ID" NOT NULL ENABLE);
  ALTER TABLE "SYSTEM"."POST_MENTIONS" ADD PRIMARY KEY ("MENTION_ID")
  USING INDEX PCTFREE 10 INITRANS 2 MAXTRANS 255 
  STORAGE(INITIAL 65536 NEXT 1048576 MINEXTENTS 1 MAXEXTENTS 2147483645
  PCTINCREASE 0 FREELISTS 1 FREELIST GROUPS 1
  BUFFER_POOL DEFAULT FLASH_CACHE DEFAULT CELL_FLASH_CACHE DEFAULT)
  TABLESPACE "SYSTEM"  ENABLE;
--------------------------------------------------------
--  Constraints for Table POST_REPORTS
--------------------------------------------------------

  ALTER TABLE "SYSTEM"."POST_REPORTS" MODIFY ("REPORT_ID" NOT NULL ENABLE);
  ALTER TABLE "SYSTEM"."POST_REPORTS" MODIFY ("POST_ID" NOT NULL ENABLE);
  ALTER TABLE "SYSTEM"."POST_REPORTS" MODIFY ("USER_ID" NOT NULL ENABLE);
  ALTER TABLE "SYSTEM"."POST_REPORTS" MODIFY ("REASON" NOT NULL ENABLE);
  ALTER TABLE "SYSTEM"."POST_REPORTS" MODIFY ("STATUS" NOT NULL ENABLE);
  ALTER TABLE "SYSTEM"."POST_REPORTS" ADD PRIMARY KEY ("REPORT_ID")
  USING INDEX PCTFREE 10 INITRANS 2 MAXTRANS 255 
  STORAGE(INITIAL 65536 NEXT 1048576 MINEXTENTS 1 MAXEXTENTS 2147483645
  PCTINCREASE 0 FREELISTS 1 FREELIST GROUPS 1
  BUFFER_POOL DEFAULT FLASH_CACHE DEFAULT CELL_FLASH_CACHE DEFAULT)
  TABLESPACE "SYSTEM"  ENABLE;
  ALTER TABLE "SYSTEM"."POST_REPORTS" ADD CONSTRAINT "UQ_REPORT" UNIQUE ("POST_ID", "USER_ID")
  USING INDEX PCTFREE 10 INITRANS 2 MAXTRANS 255 
  STORAGE(INITIAL 65536 NEXT 1048576 MINEXTENTS 1 MAXEXTENTS 2147483645
  PCTINCREASE 0 FREELISTS 1 FREELIST GROUPS 1
  BUFFER_POOL DEFAULT FLASH_CACHE DEFAULT CELL_FLASH_CACHE DEFAULT)
  TABLESPACE "SYSTEM"  ENABLE;
--------------------------------------------------------
--  Constraints for Table POST_TAGS
--------------------------------------------------------

  ALTER TABLE "SYSTEM"."POST_TAGS" ADD CONSTRAINT "PK_POST_TAGS" PRIMARY KEY ("POST_ID", "TAG_ID")
  USING INDEX PCTFREE 10 INITRANS 2 MAXTRANS 255 
  STORAGE(INITIAL 65536 NEXT 1048576 MINEXTENTS 1 MAXEXTENTS 2147483645
  PCTINCREASE 0 FREELISTS 1 FREELIST GROUPS 1
  BUFFER_POOL DEFAULT FLASH_CACHE DEFAULT CELL_FLASH_CACHE DEFAULT)
  TABLESPACE "SYSTEM"  ENABLE;
--------------------------------------------------------
--  Constraints for Table POST_VIEWS
--------------------------------------------------------

  ALTER TABLE "SYSTEM"."POST_VIEWS" MODIFY ("VIEW_ID" NOT NULL ENABLE);
  ALTER TABLE "SYSTEM"."POST_VIEWS" MODIFY ("POST_ID" NOT NULL ENABLE);
  ALTER TABLE "SYSTEM"."POST_VIEWS" ADD PRIMARY KEY ("VIEW_ID")
  USING INDEX PCTFREE 10 INITRANS 2 MAXTRANS 255 
  STORAGE(INITIAL 65536 NEXT 1048576 MINEXTENTS 1 MAXEXTENTS 2147483645
  PCTINCREASE 0 FREELISTS 1 FREELIST GROUPS 1
  BUFFER_POOL DEFAULT FLASH_CACHE DEFAULT CELL_FLASH_CACHE DEFAULT)
  TABLESPACE "SYSTEM"  ENABLE;
--------------------------------------------------------
--  Constraints for Table POSTS
--------------------------------------------------------

  ALTER TABLE "SYSTEM"."POSTS" ADD PRIMARY KEY ("POST_ID")
  USING INDEX PCTFREE 10 INITRANS 2 MAXTRANS 255 
  STORAGE(INITIAL 65536 NEXT 1048576 MINEXTENTS 1 MAXEXTENTS 2147483645
  PCTINCREASE 0 FREELISTS 1 FREELIST GROUPS 1
  BUFFER_POOL DEFAULT FLASH_CACHE DEFAULT CELL_FLASH_CACHE DEFAULT)
  TABLESPACE "SYSTEM"  ENABLE;
  ALTER TABLE "SYSTEM"."POSTS" MODIFY ("VIEW_COUNT" NOT NULL ENABLE);
  ALTER TABLE "SYSTEM"."POSTS" MODIFY ("SHARE_COUNT" NOT NULL ENABLE);
  ALTER TABLE "SYSTEM"."POSTS" MODIFY ("HIDE_LIKE_COUNT" NOT NULL ENABLE);
  ALTER TABLE "SYSTEM"."POSTS" MODIFY ("DISABLE_COMMENTS" NOT NULL ENABLE);
--------------------------------------------------------
--  Constraints for Table PROFILE_IMAGES
--------------------------------------------------------

  ALTER TABLE "SYSTEM"."PROFILE_IMAGES" MODIFY ("USER_ID" NOT NULL ENABLE);
  ALTER TABLE "SYSTEM"."PROFILE_IMAGES" MODIFY ("IMAGE_URL" NOT NULL ENABLE);
  ALTER TABLE "SYSTEM"."PROFILE_IMAGES" MODIFY ("IS_MAIN" NOT NULL ENABLE);
  ALTER TABLE "SYSTEM"."PROFILE_IMAGES" ADD CONSTRAINT "CK_PROFILE_IMAGES_MAIN" CHECK (IS_MAIN IN ('Y', 'N')) ENABLE;
  ALTER TABLE "SYSTEM"."PROFILE_IMAGES" ADD CONSTRAINT "PK_PROFILE_IMAGES" PRIMARY KEY ("IMAGE_ID")
  USING INDEX PCTFREE 10 INITRANS 2 MAXTRANS 255 
  STORAGE(INITIAL 65536 NEXT 1048576 MINEXTENTS 1 MAXEXTENTS 2147483645
  PCTINCREASE 0 FREELISTS 1 FREELIST GROUPS 1
  BUFFER_POOL DEFAULT FLASH_CACHE DEFAULT CELL_FLASH_CACHE DEFAULT)
  TABLESPACE "SYSTEM"  ENABLE;
--------------------------------------------------------
--  Constraints for Table REPORTS
--------------------------------------------------------

  ALTER TABLE "SYSTEM"."REPORTS" MODIFY ("TARGET_TYPE" NOT NULL ENABLE);
  ALTER TABLE "SYSTEM"."REPORTS" MODIFY ("TARGET_ID" NOT NULL ENABLE);
  ALTER TABLE "SYSTEM"."REPORTS" MODIFY ("REPORTER_ID" NOT NULL ENABLE);
  ALTER TABLE "SYSTEM"."REPORTS" MODIFY ("REASON" NOT NULL ENABLE);
  ALTER TABLE "SYSTEM"."REPORTS" MODIFY ("STATUS" NOT NULL ENABLE);
  ALTER TABLE "SYSTEM"."REPORTS" ADD CONSTRAINT "CK_REPORTS_STATUS" CHECK (STATUS IN ('PENDING', 'REVIEWED')) ENABLE;
  ALTER TABLE "SYSTEM"."REPORTS" ADD CONSTRAINT "PK_REPORTS" PRIMARY KEY ("REPORT_ID")
  USING INDEX PCTFREE 10 INITRANS 2 MAXTRANS 255 
  STORAGE(INITIAL 65536 NEXT 1048576 MINEXTENTS 1 MAXEXTENTS 2147483645
  PCTINCREASE 0 FREELISTS 1 FREELIST GROUPS 1
  BUFFER_POOL DEFAULT FLASH_CACHE DEFAULT CELL_FLASH_CACHE DEFAULT)
  TABLESPACE "SYSTEM"  ENABLE;
--------------------------------------------------------
--  Constraints for Table TAGS
--------------------------------------------------------

  ALTER TABLE "SYSTEM"."TAGS" MODIFY ("TAG_NAME" NOT NULL ENABLE);
  ALTER TABLE "SYSTEM"."TAGS" ADD CONSTRAINT "PK_TAGS" PRIMARY KEY ("TAG_ID")
  USING INDEX PCTFREE 10 INITRANS 2 MAXTRANS 255 
  STORAGE(INITIAL 65536 NEXT 1048576 MINEXTENTS 1 MAXEXTENTS 2147483645
  PCTINCREASE 0 FREELISTS 1 FREELIST GROUPS 1
  BUFFER_POOL DEFAULT FLASH_CACHE DEFAULT CELL_FLASH_CACHE DEFAULT)
  TABLESPACE "SYSTEM"  ENABLE;
  ALTER TABLE "SYSTEM"."TAGS" ADD CONSTRAINT "UQ_TAGS_NAME" UNIQUE ("TAG_NAME")
  USING INDEX PCTFREE 10 INITRANS 2 MAXTRANS 255 
  STORAGE(INITIAL 65536 NEXT 1048576 MINEXTENTS 1 MAXEXTENTS 2147483645
  PCTINCREASE 0 FREELISTS 1 FREELIST GROUPS 1
  BUFFER_POOL DEFAULT FLASH_CACHE DEFAULT CELL_FLASH_CACHE DEFAULT)
  TABLESPACE "SYSTEM"  ENABLE;
--------------------------------------------------------
--  Constraints for Table SUPPORT_INQUIRIES
--------------------------------------------------------

  ALTER TABLE "SYSTEM"."SUPPORT_INQUIRIES" MODIFY ("USER_ID" NOT NULL ENABLE);
  ALTER TABLE "SYSTEM"."SUPPORT_INQUIRIES" MODIFY ("INQUIRY_TYPE" NOT NULL ENABLE);
  ALTER TABLE "SYSTEM"."SUPPORT_INQUIRIES" MODIFY ("TITLE" NOT NULL ENABLE);
  ALTER TABLE "SYSTEM"."SUPPORT_INQUIRIES" MODIFY ("CONTENT" NOT NULL ENABLE);
  ALTER TABLE "SYSTEM"."SUPPORT_INQUIRIES" MODIFY ("STATUS" NOT NULL ENABLE);
  ALTER TABLE "SYSTEM"."SUPPORT_INQUIRIES" ADD CONSTRAINT "CK_SUPPORT_INQ_STATUS" CHECK (STATUS IN ('PENDING', 'ANSWERED')) ENABLE;
  ALTER TABLE "SYSTEM"."SUPPORT_INQUIRIES" ADD CONSTRAINT "PK_SUPPORT_INQUIRIES" PRIMARY KEY ("INQUIRY_ID")
  USING INDEX PCTFREE 10 INITRANS 2 MAXTRANS 255 
  STORAGE(INITIAL 65536 NEXT 1048576 MINEXTENTS 1 MAXEXTENTS 2147483645
  PCTINCREASE 0 FREELISTS 1 FREELIST GROUPS 1
  BUFFER_POOL DEFAULT FLASH_CACHE DEFAULT CELL_FLASH_CACHE DEFAULT)
  TABLESPACE "SYSTEM"  ENABLE;
--------------------------------------------------------
--  Constraints for Table USER_SETTINGS
--------------------------------------------------------

  ALTER TABLE "SYSTEM"."USER_SETTINGS" MODIFY ("USER_ID" NOT NULL ENABLE);
  ALTER TABLE "SYSTEM"."USER_SETTINGS" MODIFY ("THEME_MODE" NOT NULL ENABLE);
  ALTER TABLE "SYSTEM"."USER_SETTINGS" MODIFY ("NOTI_EMAIL_YN" NOT NULL ENABLE);
  ALTER TABLE "SYSTEM"."USER_SETTINGS" ADD CONSTRAINT "CK_USER_SETTINGS_THEME" CHECK (THEME_MODE IN ('LIGHT', 'DARK')) ENABLE;
  ALTER TABLE "SYSTEM"."USER_SETTINGS" ADD CONSTRAINT "CK_USER_SETTINGS_EMAIL" CHECK (NOTI_EMAIL_YN IN ('Y', 'N')) ENABLE;
  ALTER TABLE "SYSTEM"."USER_SETTINGS" ADD CONSTRAINT "PK_USER_SETTINGS" PRIMARY KEY ("SETTING_ID")
  USING INDEX PCTFREE 10 INITRANS 2 MAXTRANS 255 
  STORAGE(INITIAL 65536 NEXT 1048576 MINEXTENTS 1 MAXEXTENTS 2147483645
  PCTINCREASE 0 FREELISTS 1 FREELIST GROUPS 1
  BUFFER_POOL DEFAULT FLASH_CACHE DEFAULT CELL_FLASH_CACHE DEFAULT)
  TABLESPACE "SYSTEM"  ENABLE;
  ALTER TABLE "SYSTEM"."USER_SETTINGS" ADD CONSTRAINT "UQ_USER_SETTINGS_USER" UNIQUE ("USER_ID")
  USING INDEX PCTFREE 10 INITRANS 2 MAXTRANS 255 
  STORAGE(INITIAL 65536 NEXT 1048576 MINEXTENTS 1 MAXEXTENTS 2147483645
  PCTINCREASE 0 FREELISTS 1 FREELIST GROUPS 1
  BUFFER_POOL DEFAULT FLASH_CACHE DEFAULT CELL_FLASH_CACHE DEFAULT)
  TABLESPACE "SYSTEM"  ENABLE;
--------------------------------------------------------
--  Constraints for Table USERS
--------------------------------------------------------

  ALTER TABLE "SYSTEM"."USERS" MODIFY ("EMAIL" NOT NULL ENABLE);
  ALTER TABLE "SYSTEM"."USERS" MODIFY ("NICKNAME" NOT NULL ENABLE);
  ALTER TABLE "SYSTEM"."USERS" MODIFY ("IS_PRIVATE" NOT NULL ENABLE);
  ALTER TABLE "SYSTEM"."USERS" MODIFY ("TERMS_AGREE_YN" NOT NULL ENABLE);
  ALTER TABLE "SYSTEM"."USERS" MODIFY ("PRIVACY_AGREE_YN" NOT NULL ENABLE);
  ALTER TABLE "SYSTEM"."USERS" MODIFY ("MARKETING_YN" NOT NULL ENABLE);
  ALTER TABLE "SYSTEM"."USERS" ADD CONSTRAINT "CK_USERS_STATUS" CHECK (STATUS IN ('ACTIVE', 'INACTIVE')) ENABLE;
  ALTER TABLE "SYSTEM"."USERS" ADD CONSTRAINT "CK_USERS_PRIVATE" CHECK (IS_PRIVATE IN ('Y', 'N')) ENABLE;
  ALTER TABLE "SYSTEM"."USERS" ADD CONSTRAINT "CK_USERS_TERMS" CHECK (TERMS_AGREE_YN IN ('Y', 'N')) ENABLE;
  ALTER TABLE "SYSTEM"."USERS" ADD CONSTRAINT "CK_USERS_PRIVACY" CHECK (PRIVACY_AGREE_YN IN ('Y', 'N')) ENABLE;
  ALTER TABLE "SYSTEM"."USERS" ADD CONSTRAINT "CK_USERS_MARKETING" CHECK (MARKETING_YN IN ('Y', 'N')) ENABLE;
  ALTER TABLE "SYSTEM"."USERS" ADD CONSTRAINT "PK_USERS" PRIMARY KEY ("USER_ID")
  USING INDEX PCTFREE 10 INITRANS 2 MAXTRANS 255 
  STORAGE(INITIAL 65536 NEXT 1048576 MINEXTENTS 1 MAXEXTENTS 2147483645
  PCTINCREASE 0 FREELISTS 1 FREELIST GROUPS 1
  BUFFER_POOL DEFAULT FLASH_CACHE DEFAULT CELL_FLASH_CACHE DEFAULT)
  TABLESPACE "SYSTEM"  ENABLE;
  ALTER TABLE "SYSTEM"."USERS" ADD CONSTRAINT "UQ_USERS_EMAIL" UNIQUE ("EMAIL")
  USING INDEX PCTFREE 10 INITRANS 2 MAXTRANS 255 
  STORAGE(INITIAL 65536 NEXT 1048576 MINEXTENTS 1 MAXEXTENTS 2147483645
  PCTINCREASE 0 FREELISTS 1 FREELIST GROUPS 1
  BUFFER_POOL DEFAULT FLASH_CACHE DEFAULT CELL_FLASH_CACHE DEFAULT)
  TABLESPACE "SYSTEM"  ENABLE;
--------------------------------------------------------
--  Ref Constraints for Table AUTH_TOKENS
--------------------------------------------------------

  ALTER TABLE "SYSTEM"."AUTH_TOKENS" ADD CONSTRAINT "FK_AUTH_TOKENS_USER" FOREIGN KEY ("USER_ID")
	  REFERENCES "SYSTEM"."USERS" ("USER_ID") ON DELETE CASCADE DISABLE;
--------------------------------------------------------
--  Ref Constraints for Table BLOCKS
--------------------------------------------------------

  ALTER TABLE "SYSTEM"."BLOCKS" ADD CONSTRAINT "FK_BLOCK_ER" FOREIGN KEY ("BLOCKER_ID")
	  REFERENCES "SYSTEM"."USERS" ("USER_ID") ENABLE;
  ALTER TABLE "SYSTEM"."BLOCKS" ADD CONSTRAINT "FK_BLOCK_ED" FOREIGN KEY ("BLOCKED_ID")
	  REFERENCES "SYSTEM"."USERS" ("USER_ID") ENABLE;
--------------------------------------------------------
--  Ref Constraints for Table CHAT_MEMBERS
--------------------------------------------------------

  ALTER TABLE "SYSTEM"."CHAT_MEMBERS" ADD CONSTRAINT "FK_CHAT_MEMBERS_ROOM" FOREIGN KEY ("ROOM_ID")
	  REFERENCES "SYSTEM"."CHAT_ROOMS" ("ROOM_ID") ON DELETE CASCADE DISABLE;
  ALTER TABLE "SYSTEM"."CHAT_MEMBERS" ADD CONSTRAINT "FK_CHAT_MEMBERS_USER" FOREIGN KEY ("USER_ID")
	  REFERENCES "SYSTEM"."USERS" ("USER_ID") ON DELETE CASCADE DISABLE;
--------------------------------------------------------
--  Ref Constraints for Table CHAT_MESSAGES
--------------------------------------------------------

  ALTER TABLE "SYSTEM"."CHAT_MESSAGES" ADD CONSTRAINT "FK_CHAT_MESSAGES_ROOM" FOREIGN KEY ("ROOM_ID")
	  REFERENCES "SYSTEM"."CHAT_ROOMS" ("ROOM_ID") ON DELETE CASCADE DISABLE;
  ALTER TABLE "SYSTEM"."CHAT_MESSAGES" ADD CONSTRAINT "FK_CHAT_MESSAGES_SENDER" FOREIGN KEY ("SENDER_ID")
	  REFERENCES "SYSTEM"."USERS" ("USER_ID") ON DELETE CASCADE DISABLE;
  ALTER TABLE "SYSTEM"."CHAT_MESSAGES" ADD CONSTRAINT "FK_CHAT_MESSAGES_DEL_USER" FOREIGN KEY ("DEL_USER_ID")
	  REFERENCES "SYSTEM"."USERS" ("USER_ID") ON DELETE SET NULL DISABLE;
--------------------------------------------------------
--  Ref Constraints for Table COMMENTS
--------------------------------------------------------

  ALTER TABLE "SYSTEM"."COMMENTS" ADD CONSTRAINT "FK_COMMENTS_USER" FOREIGN KEY ("USER_ID")
	  REFERENCES "SYSTEM"."USERS" ("USER_ID") ON DELETE CASCADE DISABLE;
  ALTER TABLE "SYSTEM"."COMMENTS" ADD CONSTRAINT "FK_COMMENTS_PARENT" FOREIGN KEY ("PARENT_ID")
	  REFERENCES "SYSTEM"."COMMENTS" ("COMMENT_ID") ON DELETE CASCADE DISABLE;
--------------------------------------------------------
--  Ref Constraints for Table FOLLOWS
--------------------------------------------------------

  ALTER TABLE "SYSTEM"."FOLLOWS" ADD CONSTRAINT "FK_FOLLOWS_FOLLOWER" FOREIGN KEY ("FOLLOWER_ID")
	  REFERENCES "SYSTEM"."USERS" ("USER_ID") ON DELETE CASCADE DISABLE;
  ALTER TABLE "SYSTEM"."FOLLOWS" ADD CONSTRAINT "FK_FOLLOWS_FOLLOWING" FOREIGN KEY ("FOLLOWING_ID")
	  REFERENCES "SYSTEM"."USERS" ("USER_ID") ON DELETE CASCADE DISABLE;
--------------------------------------------------------
--  Ref Constraints for Table MUTES
--------------------------------------------------------

  ALTER TABLE "SYSTEM"."MUTES" ADD CONSTRAINT "FK_MUTE_ER" FOREIGN KEY ("MUTER_ID")
	  REFERENCES "SYSTEM"."USERS" ("USER_ID") ENABLE;
  ALTER TABLE "SYSTEM"."MUTES" ADD CONSTRAINT "FK_MUTE_ED" FOREIGN KEY ("MUTED_ID")
	  REFERENCES "SYSTEM"."USERS" ("USER_ID") ENABLE;
--------------------------------------------------------
--  Ref Constraints for Table NOTIFICATIONS
--------------------------------------------------------

  ALTER TABLE "SYSTEM"."NOTIFICATIONS" ADD CONSTRAINT "FK_NOTI_RECEIVER" FOREIGN KEY ("RECEIVER_ID")
	  REFERENCES "SYSTEM"."USERS" ("USER_ID") ON DELETE CASCADE DISABLE;
  ALTER TABLE "SYSTEM"."NOTIFICATIONS" ADD CONSTRAINT "FK_NOTI_SENDER" FOREIGN KEY ("SENDER_ID")
	  REFERENCES "SYSTEM"."USERS" ("USER_ID") ON DELETE SET NULL DISABLE;
--------------------------------------------------------
--  Ref Constraints for Table POST_REPORTS
--------------------------------------------------------

  ALTER TABLE "SYSTEM"."POST_REPORTS" ADD CONSTRAINT "FK_REPORT_POST" FOREIGN KEY ("POST_ID")
	  REFERENCES "SYSTEM"."POSTS" ("POST_ID") DISABLE;
--------------------------------------------------------
--  Ref Constraints for Table POST_TAGS
--------------------------------------------------------

  ALTER TABLE "SYSTEM"."POST_TAGS" ADD CONSTRAINT "FK_POST_TAGS_TAG" FOREIGN KEY ("TAG_ID")
	  REFERENCES "SYSTEM"."TAGS" ("TAG_ID") ON DELETE CASCADE DISABLE;
--------------------------------------------------------
--  Ref Constraints for Table POST_VIEWS
--------------------------------------------------------

  ALTER TABLE "SYSTEM"."POST_VIEWS" ADD CONSTRAINT "FK_VIEW_POST" FOREIGN KEY ("POST_ID")
	  REFERENCES "SYSTEM"."POSTS" ("POST_ID") DISABLE;
--------------------------------------------------------
--  Ref Constraints for Table PROFILE_IMAGES
--------------------------------------------------------

  ALTER TABLE "SYSTEM"."PROFILE_IMAGES" ADD CONSTRAINT "FK_PROFILE_IMAGES_USER" FOREIGN KEY ("USER_ID")
	  REFERENCES "SYSTEM"."USERS" ("USER_ID") ON DELETE CASCADE DISABLE;
--------------------------------------------------------
--  Ref Constraints for Table REPORTS
--------------------------------------------------------

  ALTER TABLE "SYSTEM"."REPORTS" ADD CONSTRAINT "FK_REPORTS_REPORTER" FOREIGN KEY ("REPORTER_ID")
	  REFERENCES "SYSTEM"."USERS" ("USER_ID") ON DELETE CASCADE DISABLE;
--------------------------------------------------------
--  Ref Constraints for Table SUPPORT_INQUIRIES
--------------------------------------------------------

  ALTER TABLE "SYSTEM"."SUPPORT_INQUIRIES" ADD CONSTRAINT "FK_SUPPORT_INQ_USER" FOREIGN KEY ("USER_ID")
	  REFERENCES "SYSTEM"."USERS" ("USER_ID") ON DELETE CASCADE DISABLE;
--------------------------------------------------------
--  Ref Constraints for Table USER_SETTINGS
--------------------------------------------------------

  ALTER TABLE "SYSTEM"."USER_SETTINGS" ADD CONSTRAINT "FK_USER_SETTINGS_USER" FOREIGN KEY ("USER_ID")
	  REFERENCES "SYSTEM"."USERS" ("USER_ID") ON DELETE CASCADE DISABLE;
